7059817,"*MX-Amer. (Lewis, J. Bel)",src/files/NYPLFlourishBibsMullin2022January-1.mrc
1417269,"*MX-Amer. (Lewis, J. Django)",src/files/NYPLFlourishBibsMullin2022January-1.mrc
23831441,"*MX-Amer. (Lewis, J. Exposure)",src/files/NYPLFlourishBibsMullin2022January-1.mrc
28060579,"*MX-Amer. (Lewis, J. Fanfare I & II)",src/files/NYPLFlourishBibsMullin2022January-1.mrc
80949290,"*MX-Amer. (Lewis, J. Milano)",src/files/NYPLFlourishBibsMullin2022January-1.mrc
7059959,"*MX-Amer. (Lewis, J. N.Y. 19)",src/files/NYPLFlourishBibsMullin2022January-1.mrc
7811256,"*MX-Amer. (Lewis, J. Sketch)",src/files/NYPLFlourishBibsMullin2022January-1.mrc
1268068265,*MX-Amer. (Risher. Enchantment),src/files/NYPLFlourishBibsMullin2022January-1.mrc
5535886,*MX-Amer. (Ayres. Trio in D minor),src/files/NYPLFlourishBibsMullin2022January-1.mrc
220833591,*MX-Amer. (Ellis. Improvisational suite #1),src/files/NYPLFlourishBibsMullin2022January-1.mrc
16917246,*MX-Amer. (Rapoport. Indian legend),src/files/NYPLFlourishBibsMullin2022January-1.mrc
18374775,*MX-Amer. (Rapoport. Quartet in G),src/files/NYPLFlourishBibsMullin2022January-1.mrc
18374769,*MX-Amer. (Rapoport. String quartet on Hebrew themes),src/files/NYPLFlourishBibsMullin2022January-1.mrc
458299677,*MX-Amer. (Risher. Mazurka),src/files/NYPLFlourishBibsMullin2022January-1.mrc
43401686,*MX-Amer. (Risher. Valse lente),src/files/NYPLFlourishBibsMullin2022January-1.mrc
78428725,*MX-Amer. (St. John. Melancholia),src/files/NYPLFlourishBibsMullin2022January-1.mrc
1292031650,*MX-Amer. (Branscombe. Procession),src/files/NYPLFlourishBibsMullin2022January-1.mrc
1292025582,"*MX-Amer. (Hill, M.W. Brookfield suite)",src/files/NYPLFlourishBibsMullin2022January-1.mrc
1292031677,"*MX-Amer. (Hill, M.W. From Norway)",src/files/NYPLFlourishBibsMullin2022January-1.mrc
1292031605,*MX-Amer. (Howe. Agreeable overture),src/files/NYPLFlourishBibsMullin2022January-1.mrc
1292031655,*MX-Amer. (Howe. Three Emily Dickinson pieces),src/files/NYPLFlourishBibsMullin2022January-1.mrc
1292025559,*MYD-Amer. (Howe. Estudio brillante),src/files/NYPLFlourishBibsMullin2022January-1.mrc
1292025560,*MX-Amer. (Howe. Finale),src/files/NYPLFlourishBibsMullin2022January-1.mrc
2670488,*MX-Amer. (Siegmeister. Sextet for brass and percussion),src/files/NYPLFlourishBibsMullin2022January-1.mrc
1292031656,*MX-Amer. (Howe. For four woodwinds and French horn),src/files/NYPLFlourishBibsMullin2022January-1.mrc
1292029067,*MX-Amer. (Howe. Quatuor I),src/files/NYPLFlourishBibsMullin2022January-1.mrc
1292031622,*MX-Amer. (Howe. Quatuor II),src/files/NYPLFlourishBibsMullin2022January-1.mrc
1292031588,*MX-Amer. (Howe. Quatuor III),src/files/NYPLFlourishBibsMullin2022January-1.mrc
1292025442,*MX-Amer. (Howe. Romanza),src/files/NYPLFlourishBibsMullin2022January-1.mrc
1292025623,*MX-Amer. (Howe. Scherzo),src/files/NYPLFlourishBibsMullin2022January-1.mrc
1292031589,*MX-Amer. (Howe. Suite melancolique),src/files/NYPLFlourishBibsMullin2022January-1.mrc
2163903,"*MX-Amer. (Daniels, Mabel. Three observations for three woodwinds)",src/files/NYPLFlourishBibsMullin2022January-1.mrc
680649632,*MX-Amer. (Bauer. Five pieces for string quartet),src/files/NYPLFlourishBibsMullin2022January-1.mrc
6932028,"*MX-Amer. (Beach, A. Trio, op. 150 for piano, violin and violoncello)",src/files/NYPLFlourishBibsMullin2022January-1.mrc
753376910,*MX-Amer. (Bloom. Quintet for flute and string quartet),src/files/NYPLFlourishBibsMullin2022January-1.mrc
12178438,"*MX-Amer. (Aiken. Trio in D major, opus 20)",src/files/NYPLFlourishBibsMullin2022January-1.mrc
3392740,*MX-Amer. (Freed. Triptych),src/files/NYPLFlourishBibsMullin2022January-1.mrc
4019113,*MX-Amer. (Glanville-Hicks. Concertino da camera),src/files/NYPLFlourishBibsMullin2022January-1.mrc
530339412,"*MX-Amer. (Gould, E. String quartet)",src/files/NYPLFlourishBibsMullin2022January-1.mrc
24409235,"*MX-Amer. (Hill, M.W. From a far country)",src/files/NYPLFlourishBibsMullin2022January-1.mrc
12813851,"*MX-Amer. (Hill, M.W. Reactions to prose rhythms )",src/files/NYPLFlourishBibsMullin2022January-1.mrc
81500889,*MX-Amer. (Howe. Coulennes),src/files/NYPLFlourishBibsMullin2022January-1.mrc
3974412,"*MX-Amer. (Smith, Julia. Quartet for strings)",src/files/NYPLFlourishBibsMullin2022January-1.mrc
1436829,"*MX-Amer. (Smith, Julia. Trio-Cornwall)",src/files/NYPLFlourishBibsMullin2022January-1.mrc
54450682,*MX-Amer. (Steiner. Brass quintet),src/files/NYPLFlourishBibsMullin2022January-1.mrc
25475210,*MX-Amer. (Steiner. Movement for eleven),src/files/NYPLFlourishBibsMullin2022January-1.mrc
1407471,"*MX-Amer. (Steiner. String quartet, 1967)",src/files/NYPLFlourishBibsMullin2022January-1.mrc
1393398,*MX-Amer. (Steiner. String trio),src/files/NYPLFlourishBibsMullin2022January-1.mrc
18889196,*MX-Amer. (Steiner. Trio 1969),src/files/NYPLFlourishBibsMullin2022January-1.mrc
79946157,"*MX-Amer. (Steiner. Suite for flute, clarinet and bassoon)",src/files/NYPLFlourishBibsMullin2022January-1.mrc
747277,*MX-Amer. (Still. Danzas de Panama),src/files/NYPLFlourishBibsMullin2022January-1.mrc
6126187,*MX-Amer. (Still. Miniatures),src/files/NYPLFlourishBibsMullin2022January-1.mrc
17715515,*MX-Amer. (Still. Wood notes),src/files/NYPLFlourishBibsMullin2022January-1.mrc
24059440,*MX-Amer. (Tenney. Seeds),src/files/NYPLFlourishBibsMullin2022January-1.mrc
13212713,*MX-Amer. (Giuffre. Fun),src/files/NYPLFlourishBibsMullin2022January-1.mrc
17892414,*MX-Amer. (Giuffre. Suspensions),src/files/NYPLFlourishBibsMullin2022January-1.mrc
23530251,"*MX-Amer. (Lewis, J. Two degrees east, three degrees west)",src/files/NYPLFlourishBibsMullin2022January-1.mrc
1292366825,"*MX-Amer. (Lewis, J. Original sin)",src/files/NYPLFlourishBibsMullin2022January-1.mrc
1292403474,"*MX-Amer. (Lewis, J. Polchinella)",src/files/NYPLFlourishBibsMullin2022January-1.mrc
1292393669,"*MX-Amer. (Mamlok. String quartet, 1962)",src/files/NYPLFlourishBibsMullin2022January-1.mrc
1292393664,*MX-Amer. (Risher. Andante religioso),src/files/NYPLFlourishBibsMullin2022January-1.mrc
1292366812,*MX-Amer. (Risher. Berceuse),src/files/NYPLFlourishBibsMullin2022January-1.mrc
1292393615,*MX-Amer. (Risher. From the West),src/files/NYPLFlourishBibsMullin2022January-1.mrc
1292354877,"*MX-Amer. (Simons. Quartet for flute, violin, viola, cello )",src/files/NYPLFlourishBibsMullin2022January-1.mrc
1292366826,*MX-Amer. (Simons. Quintet),src/files/NYPLFlourishBibsMullin2022January-1.mrc
782428,*MX-Amer. (Boeringer. Dance suite),src/files/NYPLFlourishBibsMullin2022January-3.mrc
12150894,*MX-Amer. (Borden. Le tombeau de Josquin),src/files/NYPLFlourishBibsMullin2022January-3.mrc
9636367,*MX-Amer. (Borowski. Moods),src/files/NYPLFlourishBibsMullin2022January-3.mrc
83731210,*MX-Amer. (Bottje. 2nd string quartet),src/files/NYPLFlourishBibsMullin2022January-3.mrc
3064621,*MX-Amer. (Boykan. String quartet),src/files/NYPLFlourishBibsMullin2022January-3.mrc
3325715,*MX-Amer. (Brant. Variations for four instruments),src/files/NYPLFlourishBibsMullin2022January-3.mrc
82481746,"*MX-Amer. (Cowell. Hymn, choral and fuguing tune #8)",src/files/NYPLFlourishBibsMullin2022January-3.mrc
1293757339,*MX-Amer. (Cowell. Air and scherzo. 1963),src/files/NYPLFlourishBibsMullin2022January-3.mrc
1293757173,*MX-Amer. (Cowell. Ballad for wind quintet. 1956),src/files/NYPLFlourishBibsMullin2022January-3.mrc
12178740,*MX-Amer. (Brazinski. Toccata with trio),src/files/NYPLFlourishBibsMullin2022January-3.mrc
12178813,*MX-Amer. (Briccetti. Eclogue no. 2),src/files/NYPLFlourishBibsMullin2022January-3.mrc
11319274,*MX-Amer. (Briccetti. Partita. 1967),src/files/NYPLFlourishBibsMullin2022January-3.mrc
1106525,"*MX-Amer. (Brown, E. Hodograph I)",src/files/NYPLFlourishBibsMullin2022January-3.mrc
8332376,"*MX-Amer. (Brown, R. Trio for flute, clarinet & viola)",src/files/NYPLFlourishBibsMullin2022January-3.mrc
18986538,*MX-Amer. (Budd. III),src/files/NYPLFlourishBibsMullin2022January-3.mrc
1293760025,*MX-Amer. (Cowell. Hymn and fuguing tune #5),src/files/NYPLFlourishBibsMullin2022January-3.mrc
1293760129,*MX-Amer. (Cowell. Mosaic quartet),src/files/NYPLFlourishBibsMullin2022January-3.mrc
1293760534,*MX-Amer. (Cowell. Composition),src/files/NYPLFlourishBibsMullin2022January-3.mrc
1293760061,*MX-Amer. (Cowell. Concerto grosso),src/files/NYPLFlourishBibsMullin2022January-3.mrc
834095,*MX-Amer. (Burnham. Festival chorale),src/files/NYPLFlourishBibsMullin2022January-3.mrc
13354157,*MX-Amer. (Busch. Humoresque),src/files/NYPLFlourishBibsMullin2022January-3.mrc
975839,*MX-Amer. (Busch. Prelude and choral),src/files/NYPLFlourishBibsMullin2022January-3.mrc
6976653,*MX-Amer. (Busch. Twilight meditation),src/files/NYPLFlourishBibsMullin2022January-3.mrc
11593772,*MX-Amer. (Cadman. Thunderbird suite),src/files/NYPLFlourishBibsMullin2022January-3.mrc
8038625,*MX-Amer. (Cadman. Trio in D major),src/files/NYPLFlourishBibsMullin2022January-3.mrc
1293760013,*MX-Amer. (Cowell. Hymn and fuguing tune #12. 1958),src/files/NYPLFlourishBibsMullin2022January-3.mrc
1293760124,"*MX-Amer. (Cowell. Quartet for flute, oboe, cello, harp)",src/files/NYPLFlourishBibsMullin2022January-3.mrc
908049,*MX-Amer. (Cage. Music for wind instruments),src/files/NYPLFlourishBibsMullin2022January-3.mrc
8919120,*MX-Amer. (Cage. String quartet in four parts),src/files/NYPLFlourishBibsMullin2022January-3.mrc
9514154,*MX-Amer. (Campbell-Watson. Divertimento for eight wind instruments),src/files/NYPLFlourishBibsMullin2022January-3.mrc
21452838,*MX-Amer. (Carpenter. Quartet for stringed instruments),src/files/NYPLFlourishBibsMullin2022January-3.mrc
1019678,*MX-Amer. (Carter. 8 etudes and a fantasy),src/files/NYPLFlourishBibsMullin2022January-3.mrc
304968,*MX-Amer. (Carter. Canonic suite. 1957),src/files/NYPLFlourishBibsMullin2022January-3.mrc
14019196,*MX-Amer. (Carter. String quartet no. 2),src/files/NYPLFlourishBibsMullin2022January-3.mrc
350317,*MX-Amer. (Carter. Woodwind quartet),src/files/NYPLFlourishBibsMullin2022January-3.mrc
3352777,"*MX-Amer. (Carter. Sonata for flute, oboe, cello, and harpsichord)",src/files/NYPLFlourishBibsMullin2022January-3.mrc
12954349,*MX-Amer. (Carter. Canonic suite. 1945),src/files/NYPLFlourishBibsMullin2022January-3.mrc
49676830,*MX-Amer. (Carton. March of the puppets),src/files/NYPLFlourishBibsMullin2022January-3.mrc
51028758,*MX-Amer. (Castaldo. String quartet #1),src/files/NYPLFlourishBibsMullin2022January-3.mrc
1091193,*MX-Amer. (Cazden. Three directions. 1949),src/files/NYPLFlourishBibsMullin2022January-3.mrc
26087020,*MX-Amer. (Cazden. Six discussions),src/files/NYPLFlourishBibsMullin2022January-3.mrc
21456893,*MX-Amer. (Cazden. Three constructions. 1951),src/files/NYPLFlourishBibsMullin2022January-3.mrc
1258864,*MX-Amer. (Chadwick. Quartet (no. 4) in E minor),src/files/NYPLFlourishBibsMullin2022January-3.mrc
680323843,*MX-Amer. (Chadwick. Quartet for strings in D minor (no. 5)),src/files/NYPLFlourishBibsMullin2022January-3.mrc
21836575,*MX-Amer. (Chadwick. Quintett),src/files/NYPLFlourishBibsMullin2022January-3.mrc
3969824,*MX-Amer. (Chihara. String quartet in one movement),src/files/NYPLFlourishBibsMullin2022January-3.mrc
1033885,"*MX-Amer. (Chihara. Willow, willow)",src/files/NYPLFlourishBibsMullin2022January-3.mrc
1262307,*MX-Amer. (Childs. Any five),src/files/NYPLFlourishBibsMullin2022January-3.mrc
18385230,*MX-Amer. (Childs. Jack's new bag),src/files/NYPLFlourishBibsMullin2022January-3.mrc
592687,*MX-Amer. (Chou. Suite for harp and wind quintet),src/files/NYPLFlourishBibsMullin2022January-3.mrc
3280340,*MX-Amer. (Chou. Soliloquy of a bhiksuni),src/files/NYPLFlourishBibsMullin2022January-3.mrc
21900290,*MX-Amer. (Clarke. String quartet no. 2),src/files/NYPLFlourishBibsMullin2022January-3.mrc
21900298,*MX-Amer. (Clarke. String quartet no. 3),src/files/NYPLFlourishBibsMullin2022January-3.mrc
21900293,*MX-Amer. (Clarke. Saraband for the golden goose),src/files/NYPLFlourishBibsMullin2022January-3.mrc
16456206,"*MX-Amer. (Cohen. Trio for violin, clarinet and piano)",src/files/NYPLFlourishBibsMullin2022January-3.mrc
58433778,*MX-Amer. (Cohn. Music for brass instruments),src/files/NYPLFlourishBibsMullin2022January-3.mrc
5057581,*MX-Amer. (Coker. Concertino for bassoon and string trio),src/files/NYPLFlourishBibsMullin2022January-3.mrc
47789555,*MX-Amer. (Coker. Brass quintet),src/files/NYPLFlourishBibsMullin2022January-3.mrc
2276069,*MX-Amer. (Coker. Woodwind quintet. 1964),src/files/NYPLFlourishBibsMullin2022January-3.mrc
27772378,*MX-Amer. (Coleman. A collection of compositions),src/files/NYPLFlourishBibsMullin2022January-3.mrc
18938816,*MX-Amer. (Colgrass. Chamber music),src/files/NYPLFlourishBibsMullin2022January-3.mrc
18900859,*MX-Amer. (Converse. Prelude and intermezzo),src/files/NYPLFlourishBibsMullin2022January-3.mrc
5668545,*MX-Amer. (Converse. Two lyric pieces),src/files/NYPLFlourishBibsMullin2022January-3.mrc
19799296,*MX-Amer. (Cope. Towers),src/files/NYPLFlourishBibsMullin2022January-3.mrc
48133951,*MX-Amer. (Copland. Nonet for strings),src/files/NYPLFlourishBibsMullin2022January-3.mrc
17710290,*MX-Amer. (Cowell. Polyphonica),src/files/NYPLFlourishBibsMullin2022January-3.mrc
9966840,*MX-Amer. (Cowell. Three pieces),src/files/NYPLFlourishBibsMullin2022January-3.mrc
3134173,*MX-Amer. (Cowell. Hymn & fuguing tune number 12. 1960),src/files/NYPLFlourishBibsMullin2022January-3.mrc
17695831,"*MX-Amer. (Cowell. Hymn and fuguing tune, no. 4)",src/files/NYPLFlourishBibsMullin2022January-3.mrc
8505014,*MX-Amer. (Cowell. Ensemble),src/files/NYPLFlourishBibsMullin2022January-3.mrc
1022802,*MX-Amer. (Cowell. Ballad for woodwind quintet. 1962),src/files/NYPLFlourishBibsMullin2022January-3.mrc
7541458,*MX-Amer. (Cowell. Air and scherzo. 1965),src/files/NYPLFlourishBibsMullin2022January-3.mrc
1378851,*MX-Amer. (Cowell. Action in brass),src/files/NYPLFlourishBibsMullin2022January-3.mrc
1436645,*MX-Amer. (Copland. Vitebsk),src/files/NYPLFlourishBibsMullin2022January-3.mrc
2166178,*MX-Amer. (Copland. Sextet),src/files/NYPLFlourishBibsMullin2022January-3.mrc
2997852,*MX-Amer. (Copland. Quartet for piano and strings. 1952b),src/files/NYPLFlourishBibsMullin2022January-3.mrc
6270154,*MX-Amer. (Copland. Quartet for piano and strings. 1952a),src/files/NYPLFlourishBibsMullin2022January-3.mrc
3220838,*MX-Amer. (Cowell. String quartet no. 1),src/files/NYPLFlourishBibsMullin2022January-3.mrc
18905771,*MX-Amer. (Cadman. To a vanishing race),src/files/NYPLFlourishBibsMullin2022January-3.mrc
18844631,*MX-Amer. (Calabro. Divertimento for woodwind quintet),src/files/NYPLFlourishBibsMullin2022January-3.mrc
1417782,*MX-Amer. (Carter. String quartet no. 1),src/files/NYPLFlourishBibsMullin2022January-3.mrc
3298182,*MX-Amer. (Chadabe. Prelude to Naples),src/files/NYPLFlourishBibsMullin2022January-3.mrc
5091938,*MX-Amer. (Childs. Fifth wind quintet),src/files/NYPLFlourishBibsMullin2022January-3.mrc
6698421,*MX-Amer. (Cole. Quintet),src/files/NYPLFlourishBibsMullin2022January-3.mrc
1293478443,*MX-Amer. (Boatwright. Trio for two violins and viola. 1948),src/files/NYPLFlourishBibsMullin2022January-3.mrc
1293478464,*MX-Amer. (Bolcom. Commedia I),src/files/NYPLFlourishBibsMullin2022January-3.mrc
1293478430,*MX-Amer. (Borowski. String quartet no. 3),src/files/NYPLFlourishBibsMullin2022January-3.mrc
1293481311,"*MX-Amer. (Bottje. String quartet, no. 3)",src/files/NYPLFlourishBibsMullin2022January-3.mrc
1293481318,*MX-Amer. (Brehm. Dialogues),src/files/NYPLFlourishBibsMullin2022January-3.mrc
1293478465,*MX-Amer. (Briccetti. Partita. 1960),src/files/NYPLFlourishBibsMullin2022January-3.mrc
1293476760,*MX-Amer. (Burleigh. Two essays in string quartet),src/files/NYPLFlourishBibsMullin2022January-3.mrc
1293478431,*MX-Amer. (Burleigh. From the muses),src/files/NYPLFlourishBibsMullin2022January-3.mrc
1293480885,*MX-Amer. (Burleigh. Hymn to the ancients),src/files/NYPLFlourishBibsMullin2022January-3.mrc
1293476997,*MX-Amer. (Burt. String quartet in three movements),src/files/NYPLFlourishBibsMullin2022January-3.mrc
1293478474,*MX-Amer. (Busch. Dialogue),src/files/NYPLFlourishBibsMullin2022January-3.mrc
1293480886,"*MX-Amer. (Calabro. Trio for violin, cello and piano)",src/files/NYPLFlourishBibsMullin2022January-3.mrc
1293477060,*MX-Amer. (Cazden. Three constructions. 1942),src/files/NYPLFlourishBibsMullin2022January-3.mrc
1293481277,*MX-Amer. (Cazden. Three directions. 1941),src/files/NYPLFlourishBibsMullin2022January-3.mrc
1293478475,*MX-Amer. (Cheslock. Phoenician dance),src/files/NYPLFlourishBibsMullin2022January-3.mrc
1293476990,*MX-Amer. (Coker. Woodwind quintet. 1956),src/files/NYPLFlourishBibsMullin2022January-3.mrc
4578970,*MX-Amer. (Alexander. Four for five),src/files/NYPLFlourishBibsMullin2022January-2.mrc
894866,*MX-Amer. (Alexander. Two essays),src/files/NYPLFlourishBibsMullin2022January-2.mrc
1563283,*MX-Amer. (Albert. Sound frames),src/files/NYPLFlourishBibsMullin2022January-2.mrc
1610907,"*MX-Amer. (Adler. Trio for violin, cello, and piano )",src/files/NYPLFlourishBibsMullin2022January-2.mrc
20540767,*MX-Amer. (Adler. Music for eleven),src/files/NYPLFlourishBibsMullin2022January-2.mrc
16929166,*MX-Amer. (Allen. Trio in la),src/files/NYPLFlourishBibsMullin2022January-2.mrc
1292716854,*MX-Amer. (Alexander. Piano quartet),src/files/NYPLFlourishBibsMullin2022January-2.mrc
1292716693,*MX-Amer. (Allen. Piccola suite),src/files/NYPLFlourishBibsMullin2022January-2.mrc
2393683,*MX-Amer. (Bloch. Three nocturnes),src/files/NYPLFlourishBibsMullin2022January-2.mrc
1809375,*MX-Amer. (Adler. Five movements for brass quintet),src/files/NYPLFlourishBibsMullin2022January-2.mrc
931272,*MX-Amer. (Adler. Intrada for woodwind quintet),src/files/NYPLFlourishBibsMullin2022January-2.mrc
896094,*MX-Amer. (Adler. Epigrams),src/files/NYPLFlourishBibsMullin2022January-2.mrc
1084052,*MX-Amer. (Avril. Petite suite),src/files/NYPLFlourishBibsMullin2022January-2.mrc
1002628,*MX-Amer. (Austin. A broken consort),src/files/NYPLFlourishBibsMullin2022January-2.mrc
28335588,*MX-Amer. (Ashley. In memoriam Kit Carson),src/files/NYPLFlourishBibsMullin2022January-2.mrc
20310271,*MX-Amer. (Ashley. In memoriam John Smith),src/files/NYPLFlourishBibsMullin2022January-2.mrc
28335660,*MX-Amer. (Ashley. In memoriam Esteban Gómez),src/files/NYPLFlourishBibsMullin2022January-2.mrc
10165150,"*MX-Amer. (Arnold. Sonata, for two trumpets and piano)",src/files/NYPLFlourishBibsMullin2022January-2.mrc
1292716579,*MX-Amer. (Amato. String quintet),src/files/NYPLFlourishBibsMullin2022January-2.mrc
1292716468,"*MX-Amer. (Becker, J. Soundpiece no. 4)",src/files/NYPLFlourishBibsMullin2022January-2.mrc
1615275,*MX-Amer. (Boatwright. Quartet for clarinet and strings),src/files/NYPLFlourishBibsMullin2022January-2.mrc
17744611,"*MX-Amer. (Boatwright. Trio for two violins and viola, 1955)",src/files/NYPLFlourishBibsMullin2022January-2.mrc
3566708,"*MX-Amer. (Berger, J. Divertimento for three treble instruments)",src/files/NYPLFlourishBibsMullin2022January-2.mrc
3807076,"*MX-Amer. (Berger, J. Sechs kleine Stücke)",src/files/NYPLFlourishBibsMullin2022January-2.mrc
1369603,*MX-Amer. (Bergsma. Concerto for wind quintet),src/files/NYPLFlourishBibsMullin2022January-2.mrc
13939868,*MX-Amer. (Bergsma. Pastorale and scherzo),src/files/NYPLFlourishBibsMullin2022January-2.mrc
14694355,*MX-Amer. (Bergsma. First string quartet),src/files/NYPLFlourishBibsMullin2022January-2.mrc
6187815,*MX-Amer. (Antheil. Ballet mécanique),src/files/NYPLFlourishBibsMullin2022January-2.mrc
17643794,*MX-Amer. (Antes. Tre trii),src/files/NYPLFlourishBibsMullin2022January-2.mrc
1617127,*MX-Amer. (Amram. Trio),src/files/NYPLFlourishBibsMullin2022January-2.mrc
15373307,*MX-Amer. (Amram. String quartet),src/files/NYPLFlourishBibsMullin2022January-2.mrc
17715275,*MX-Amer. (Amram. Shakespearean concerto),src/files/NYPLFlourishBibsMullin2022January-2.mrc
2224279,*MX-Amer. (Amram. Discussion),src/files/NYPLFlourishBibsMullin2022January-2.mrc
1436787,*MX-Amer. (Amram. Dirge and variations),src/files/NYPLFlourishBibsMullin2022January-2.mrc
83650128,*MX-Amer. (Ames. Quintet no. 2),src/files/NYPLFlourishBibsMullin2022January-2.mrc
2010432,*MX-Amer. (Berger. Serenade concertante),src/files/NYPLFlourishBibsMullin2022January-2.mrc
3004903,*MX-Amer. (Bergsma. String quartet no. 2),src/files/NYPLFlourishBibsMullin2022January-2.mrc
20434746,*MX-Amer. (Berezowsky. Quatuor),src/files/NYPLFlourishBibsMullin2022January-2.mrc
2741849,*MX-Amer. (Berezowsky. Brass suite),src/files/NYPLFlourishBibsMullin2022January-2.mrc
2361075,*MX-Amer. (Bennett. Rondo capriccioso),src/files/NYPLFlourishBibsMullin2022January-2.mrc
18128105,*MX-Amer. (Benedict. Quartet in D minor),src/files/NYPLFlourishBibsMullin2022January-2.mrc
3518584,*MX-Amer. (Bender. Phantasy),src/files/NYPLFlourishBibsMullin2022January-2.mrc
1108892183,"*MX-Amer. (Becker, F. Music for violin quartet)",src/files/NYPLFlourishBibsMullin2022January-2.mrc
12361390,*MX-Amer. (Bergsma. Quartet no. 3 for strings),src/files/NYPLFlourishBibsMullin2022January-2.mrc
1258765,*MX-Amer. (Bergsma. Suite for brass quartet),src/files/NYPLFlourishBibsMullin2022January-2.mrc
971133,*MX-Amer. (Bernstein. Fanfare for Bima),src/files/NYPLFlourishBibsMullin2022January-2.mrc
5666101,"*MX-Amer. (Beach, J. Poem)",src/files/NYPLFlourishBibsMullin2022January-2.mrc
480680,"*MX-Amer. (Beach, B. Music for brass quintet)",src/files/NYPLFlourishBibsMullin2022January-2.mrc
975085,*MX-Amer. (Bazelon. Brass quintet),src/files/NYPLFlourishBibsMullin2022January-2.mrc
967722,*MX-Amer. (Bassett. Trio for brass instruments),src/files/NYPLFlourishBibsMullin2022January-2.mrc
29472175,*MX-Amer. (Bassett. String quartet #2),src/files/NYPLFlourishBibsMullin2022January-2.mrc
635846,*MX-Amer. (Bassett. Nonet),src/files/NYPLFlourishBibsMullin2022January-2.mrc
1116866,*MX-Amer. (Barber. Toccata festiva),src/files/NYPLFlourishBibsMullin2022January-2.mrc
1130733,*MX-Amer. (Berry. Divertimento),src/files/NYPLFlourishBibsMullin2022January-2.mrc
2309047,*MX-Amer. (Berry. Five pieces for small orchestra),src/files/NYPLFlourishBibsMullin2022January-2.mrc
243801,*MX-Amer. (Barber. Serenade),src/files/NYPLFlourishBibsMullin2022January-2.mrc
3058941,"*MX-Amer. (Barber. String quartet, no. 11)",src/files/NYPLFlourishBibsMullin2022January-2.mrc
2935328,*MX-Amer. (Barab. Quartet for B♭ clarinets),src/files/NYPLFlourishBibsMullin2022January-2.mrc
5755300,*MX-Amer. (Barab. Little suite),src/files/NYPLFlourishBibsMullin2022January-2.mrc
1636546,*MX-Amer. (Baird. Stroll),src/files/NYPLFlourishBibsMullin2022January-2.mrc
18519140,*MX-Amer. (Babbitt. Woodwind quartet. 1954),src/files/NYPLFlourishBibsMullin2022January-2.mrc
84515626,*MX-Amer. (Babbitt. String quartet no. 2),src/files/NYPLFlourishBibsMullin2022January-2.mrc
638614,*MX-Amer. (Babbitt. Woodwind quartet. 1966),src/files/NYPLFlourishBibsMullin2022January-2.mrc
638611,*MX-Amer. (Babbitt. Composition for twelve instruments. 1964),src/files/NYPLFlourishBibsMullin2022January-2.mrc
17707466,*MX-Amer. (Babbitt. Composition for twelve instruments. 1954),src/files/NYPLFlourishBibsMullin2022January-2.mrc
1029354051,*MX-Amer. (Babbitt. Composition for four instruments),src/files/NYPLFlourishBibsMullin2022January-2.mrc
638613,*MX-Amer. (Babbitt. All set),src/files/NYPLFlourishBibsMullin2022January-2.mrc
1292716885,*MX-Amer. (Amato. Woodwind quartet),src/files/NYPLFlourishBibsMullin2022January-2.mrc
1292716871,"*MX-Amer. (Ames. Trio for flute, oboe and violoncello)",src/files/NYPLFlourishBibsMullin2022January-2.mrc
1292716905,*MX-Amer. (Bartlett. Fantasy & rondo for string quartet),src/files/NYPLFlourishBibsMullin2022January-2.mrc
1292716891,*MX-Amer. (Basney. String quartet #17),src/files/NYPLFlourishBibsMullin2022January-2.mrc
1292718164,"*MX-Amer. (Beale. Trio for violin, cello, piano, op. 5)",src/files/NYPLFlourishBibsMullin2022January-2.mrc
1292716621,"*MX-Amer. (Becker, J. Soundpiece no. 1)",src/files/NYPLFlourishBibsMullin2022January-2.mrc
1292716843,"*MX-Amer. (Becker, J. Soundpiece no. 2)",src/files/NYPLFlourishBibsMullin2022January-2.mrc
1891543,"*MX-Amer. (Berry. Quartet no. 2, for strings)",src/files/NYPLFlourishBibsMullin2022January-2.mrc
1212766,*MX-Amer. (Beversdorf. Divertimento da camera),src/files/NYPLFlourishBibsMullin2022January-2.mrc
3064167,*MX-Amer. (Bezanson. Diversion),src/files/NYPLFlourishBibsMullin2022January-2.mrc
1143325,*MX-Amer. (Bezanson. String quartet no. 1),src/files/NYPLFlourishBibsMullin2022January-2.mrc
82755139,*MX-Amer. (Bezanson. Sextet for woodwinds and piano),src/files/NYPLFlourishBibsMullin2022January-2.mrc
3881472,*MX-Amer. (Binkerd. String quartet no. 2),src/files/NYPLFlourishBibsMullin2022January-2.mrc
904440,"*MX-Amer. (Binkerd. Trio, for clarinet in B♭, viola, and cello)",src/files/NYPLFlourishBibsMullin2022January-2.mrc
562481,"*MX-Amer. (Blackwood. Concertino for five instruments, op. 5)",src/files/NYPLFlourishBibsMullin2022January-2.mrc
521747,*MX-Amer. (Blackwood. String quartet no. 1),src/files/NYPLFlourishBibsMullin2022January-2.mrc
566012,"*MX-Amer. (Blackwood. String quartet no. 2, op. 6)",src/files/NYPLFlourishBibsMullin2022January-2.mrc
1133324,*MX-Amer. (Blank. Music for three players),src/files/NYPLFlourishBibsMullin2022January-2.mrc
1307143,*MX-Amer. (Blank. Four pieces),src/files/NYPLFlourishBibsMullin2022January-2.mrc
4319571,*MX-Amer. (Blank. Woodwind quintet),src/files/NYPLFlourishBibsMullin2022January-2.mrc
7771983,*MX-Amer. (Blank. Three related pieces),src/files/NYPLFlourishBibsMullin2022January-2.mrc
1540468,*MX-Amer. (Blatter. A study in time and space),src/files/NYPLFlourishBibsMullin2022January-2.mrc
14144455,*MX-Amer. (Bloch. Concerto grosso no. II),src/files/NYPLFlourishBibsMullin2022January-2.mrc
4457662,*MX-Amer. (Bloch. Four episodes),src/files/NYPLFlourishBibsMullin2022January-2.mrc
19236297,*MX-Amer. (Bloch. In the mountains),src/files/NYPLFlourishBibsMullin2022January-2.mrc
873389234,*MX-Amer. (Bloch. Night),src/files/NYPLFlourishBibsMullin2022January-2.mrc
2760290,*MX-Amer. (Bloch. Paysages),src/files/NYPLFlourishBibsMullin2022January-2.mrc
326353,*MX-Amer. (Bloch. Quatuor à cordes),src/files/NYPLFlourishBibsMullin2022January-2.mrc
79779421,*MX-Amer. (Bloch. Quintet),src/files/NYPLFlourishBibsMullin2022January-2.mrc
1292948168,"*MX-Amer. (Boatwright. Canon, for 2 violins and piano)",src/files/NYPLFlourishBibsMullin2022January-2.mrc
1292962793,"*MX-Amer. (Boatwright. Dance, for two violins and piano )",src/files/NYPLFlourishBibsMullin2022January-2.mrc
1292948279,*MX-Amer. (Boatwright. Serenade),src/files/NYPLFlourishBibsMullin2022January-2.mrc
1577837,*MX-Amer. (Cowell. Rondo),src/files/NYPLFlourishBibsMullin2022January-4.mrc
276499,*MX-Amer. (Cowell. Set of five),src/files/NYPLFlourishBibsMullin2022January-4.mrc
827836425,*MX-Amer. (Cowell. Tall tale),src/files/NYPLFlourishBibsMullin2022January-4.mrc
21900585,*MX-Amer. (Cowell. Toccanta),src/files/NYPLFlourishBibsMullin2022January-4.mrc
276503,*MX-Amer. (Cowell. Trio in nine short movements),src/files/NYPLFlourishBibsMullin2022January-4.mrc
19235148,*MX-Amer. (Cowell. United quartet),src/files/NYPLFlourishBibsMullin2022January-4.mrc
5927143,*MX-Amer. (Crowley. Sinfonietta for brass quintet),src/files/NYPLFlourishBibsMullin2022January-4.mrc
2142551,*MX-Amer. (Csonka. French suite),src/files/NYPLFlourishBibsMullin2022January-4.mrc
18638776,*MX-Amer. (Curran. Home-made),src/files/NYPLFlourishBibsMullin2022January-4.mrc
7441383,*MX-Amer. (Custer. Permutations),src/files/NYPLFlourishBibsMullin2022January-4.mrc
3188825,*MX-Amer. (Custer. Pastorale & hornpipe),src/files/NYPLFlourishBibsMullin2022January-4.mrc
12643430,*MX-Amer. (Custer. Colloquy),src/files/NYPLFlourishBibsMullin2022January-4.mrc
13985300,*MX-Amer. (Dahl. Serenade for four flutes),src/files/NYPLFlourishBibsMullin2022January-4.mrc
81212025,*MX-Amer. (Dahl. Music for brass instruments),src/files/NYPLFlourishBibsMullin2022January-4.mrc
400600,*MX-Amer. (Dahl. Duettino concertante),src/files/NYPLFlourishBibsMullin2022January-4.mrc
22168126,"*MX-Amer. (Dahl. Allegro, arioso)",src/files/NYPLFlourishBibsMullin2022January-4.mrc
7515969,"*MX-Amer. (Daniels, Melvin. Andante and march)",src/files/NYPLFlourishBibsMullin2022January-4.mrc
1485618,*MX-Amer. (Dankner. String quartet),src/files/NYPLFlourishBibsMullin2022January-4.mrc
9501588,*MX-Amer. (Daum. Suite for young listeners),src/files/NYPLFlourishBibsMullin2022January-4.mrc
795546,*MX-Amer. (Davidovsky. Inflexions),src/files/NYPLFlourishBibsMullin2022January-4.mrc
4241337,*MX-Amer. (Seeger. String quartet),src/files/NYPLFlourishBibsMullin2022January-4.mrc
24830093,*MX-Amer. (Cowell. Twenty six simultanious mosaics),src/files/NYPLFlourishBibsMullin2022January-4.mrc
12294239,*MX-Amer. (Cowell. Suite for woodwind quintet),src/files/NYPLFlourishBibsMullin2022January-4.mrc
14257330,*MX-Amer. (Cutter. Trio in a Moll),src/files/NYPLFlourishBibsMullin2022January-4.mrc
1293760049,*MX-Amer. (Cowell. String quartet #5),src/files/NYPLFlourishBibsMullin2022January-4.mrc
1293760606,*MX-Amer. (Cowell. Quartette euphometric),src/files/NYPLFlourishBibsMullin2022January-4.mrc
1293760586,*MX-Amer. (Cowell. Suite for small orchestra),src/files/NYPLFlourishBibsMullin2022January-4.mrc
1293760027,*MX-Amer. (Cowell. Variations on thirds),src/files/NYPLFlourishBibsMullin2022January-4.mrc
1293760546,"*MX-Amer. (Crane, H. Trio E-Dur)",src/files/NYPLFlourishBibsMullin2022January-4.mrc
1293760075,"*MX-Amer. (Crane, H. Trio g Moll)",src/files/NYPLFlourishBibsMullin2022January-4.mrc
1293760674,"*MX-Amer. (Crane, T. Quartet movement)",src/files/NYPLFlourishBibsMullin2022January-4.mrc
1293760127,"*MX-Amer. (Crane, T. Quintet 1969-70)",src/files/NYPLFlourishBibsMullin2022January-4.mrc
1293760587,"*MX-Amer. (Creston. String quartet, op. 8)",src/files/NYPLFlourishBibsMullin2022January-4.mrc
1293760648,*MX-Amer. (Da Costa. Occurrence for 6),src/files/NYPLFlourishBibsMullin2022January-4.mrc
1293760579,*MX-Amer. (D'Angelo. String quartet no. 3),src/files/NYPLFlourishBibsMullin2022January-4.mrc
1293760070,*MX-Amer. (D'Angelo. Seventh star of Paracelsus),src/files/NYPLFlourishBibsMullin2022January-4.mrc
8843584,*MX (Abe. String quartet no. 7),src/files/NYPLFlourishBibsSchlegel2022January-1.mrc
1180650,*MX (Ardévol. Música de cámara),src/files/NYPLFlourishBibsSchlegel2022January-1.mrc
5724271,*MX (Ardévol. String quartet no. 2),src/files/NYPLFlourishBibsSchlegel2022January-1.mrc
1292019883,"*MX (Ardévol. Quinteto, para flauta, oboe)",src/files/NYPLFlourishBibsSchlegel2022January-1.mrc
7878726,*MX (Ardévol. Cuarta sonata a tres),src/files/NYPLFlourishBibsSchlegel2022January-1.mrc
1516413,*MX (Aredévol. III sonata a tres),src/files/NYPLFlourishBibsSchlegel2022January-1.mrc
12686498,*MX (Bal y Gay. Concerto grosso),src/files/NYPLFlourishBibsSchlegel2022January-1.mrc
62230518,*MX (Barnard. Twelve simple trios),src/files/NYPLFlourishBibsSchlegel2022January-1.mrc
6220822,"*MX (Cámara. Suite, flauta, clarinete y fagot)",src/files/NYPLFlourishBibsSchlegel2022January-1.mrc
21843644,*MX (Capius. Quartetto in sol minore per archi),src/files/NYPLFlourishBibsSchlegel2022January-1.mrc
938916,*MX (Chávez. Invention no 2),src/files/NYPLFlourishBibsSchlegel2022January-1.mrc
245582,*MX (Chávez. Soli no. 2),src/files/NYPLFlourishBibsSchlegel2022January-1.mrc
2051324,*MX (Chávez. Soli),src/files/NYPLFlourishBibsSchlegel2022January-1.mrc
749218,*MX (Chávez. Sonata for four horns),src/files/NYPLFlourishBibsSchlegel2022January-1.mrc
10844360,*MX (Chávez. Suite for double quartet),src/files/NYPLFlourishBibsSchlegel2022January-1.mrc
245587,*MX (Chávez. Xochipilli),src/files/NYPLFlourishBibsSchlegel2022January-1.mrc
62377437,"*MX (Clarke, I. Twelve short string quartets)",src/files/NYPLFlourishBibsSchlegel2022January-1.mrc
14257314,"*MX (Clarke, R. Trio for violin, violoncello and piano)",src/files/NYPLFlourishBibsSchlegel2022January-1.mrc
221065881,*MX (Desportes. Sonate pour un baptême),src/files/NYPLFlourishBibsSchlegel2022January-1.mrc
17422691,*MX (Fernández. Duas invençoes seresteiras),src/files/NYPLFlourishBibsSchlegel2022January-1.mrc
1884388,*MX (Fernández. String quartet no. 2),src/files/NYPLFlourishBibsSchlegel2022January-1.mrc
8513581,*MX (Fernández. Suite for wind instrument quintet),src/files/NYPLFlourishBibsSchlegel2022January-1.mrc
1292078419,*MX (Fernández. Trio brasileiro),src/files/NYPLFlourishBibsSchlegel2022January-1.mrc
827442,*MX (Fontyn. Galaxie),src/files/NYPLFlourishBibsSchlegel2022January-1.mrc
27725018,"*MX (Fontyn. Trio per violino, violoncello)",src/files/NYPLFlourishBibsSchlegel2022January-1.mrc
1292081685,*MX (Fontyn. Sept pièces pour trio),src/files/NYPLFlourishBibsSchlegel2022January-1.mrc
18427138,*MX (Fukushima. Hi-kyō),src/files/NYPLFlourishBibsSchlegel2022January-1.mrc
9131473,*MX (Garscia. Drobiazgi),src/files/NYPLFlourishBibsSchlegel2022January-1.mrc
122752745,*MX (Hachimura. Concerto),src/files/NYPLFlourishBibsSchlegel2022January-1.mrc
25071368,*MX (Hara. Trio à cordes),src/files/NYPLFlourishBibsSchlegel2022January-1.mrc
1292085579,**MX (Harcourt. En regardant Watteau),src/files/NYPLFlourishBibsSchlegel2022January-1.mrc
18247506,*MX (Hasegawa. String quartet no. 1),src/files/NYPLFlourishBibsSchlegel2022January-1.mrc
223811622,*MX (Hensel. Trio für Pianoforte),src/files/NYPLFlourishBibsSchlegel2022January-1.mrc
8118352,*MX (Héritte-Viardot. Spanisches Quartett),src/files/NYPLFlourishBibsSchlegel2022January-1.mrc
976546281,*MX (Ichiyanagi. Appearance),src/files/NYPLFlourishBibsSchlegel2022January-1.mrc
20099262,*MX (Ifukube. Triptyque aborigène),src/files/NYPLFlourishBibsSchlegel2022January-1.mrc
79133477,"*MX (Ikebe. Crepa, in 7 capítoli)",src/files/NYPLFlourishBibsSchlegel2022January-1.mrc
22959217,*MX (Irino. String trio),src/files/NYPLFlourishBibsSchlegel2022January-1.mrc
23364663,*MX (Ishii. Aphorismen),src/files/NYPLFlourishBibsSchlegel2022January-1.mrc
23241197,*MX (Ishii. Präludium und Variationen),src/files/NYPLFlourishBibsSchlegel2022January-1.mrc
41999994,*MX (Ishii. Sieben Stucke),src/files/NYPLFlourishBibsSchlegel2022January-1.mrc
4782804,*MX (Jolas. D'un opéra de voyage),src/files/NYPLFlourishBibsSchlegel2022January-1.mrc
4847866,*MX (Jolas. J.D.E.),src/files/NYPLFlourishBibsSchlegel2022January-1.mrc
4424222,*MX (Jolas. Quatuor II),src/files/NYPLFlourishBibsSchlegel2022January-1.mrc
14170957,"**MX (Lutyens. Six chamber concertos, op. 8)",src/files/NYPLFlourishBibsSchlegel2022January-1.mrc
8683949,"**MX (Lutyens. String quartet no. 2, op. 5, no. 5)",src/files/NYPLFlourishBibsSchlegel2022January-1.mrc
1570895,"*MX (Lutyens. String quartet no. 3, op. 18)",src/files/NYPLFlourishBibsSchlegel2022January-1.mrc
4095611,"*MX (Lutyens. String trio, op. 57)",src/files/NYPLFlourishBibsSchlegel2022January-1.mrc
3140184,*MX (Maconchy. String quartet no. 4),src/files/NYPLFlourishBibsSchlegel2022January-1.mrc
7790018,*MX (Maconchy. String quartet no. 5),src/files/NYPLFlourishBibsSchlegel2022January-1.mrc
3140213,*MX (Maconchy. String quartet no. 6),src/files/NYPLFlourishBibsSchlegel2022January-1.mrc
1292432518,*MX (Maconchy. String quartet no. 7),src/files/NYPLFlourishBibsSchlegel2022January-1.mrc
2770044,*MX (Maconchy. String quartet no. 8),src/files/NYPLFlourishBibsSchlegel2022January-1.mrc
993882346,*MX (Maconchy. Quintet for clarinet and strings),src/files/NYPLFlourishBibsSchlegel2022January-1.mrc
12399322,*MX (Kirby. Elfin dance),src/files/NYPLFlourishBibsSchlegel2022January-1.mrc
28655747,*MX (Kinscella. Folk-tune trios),src/files/NYPLFlourishBibsSchlegel2022January-1.mrc
57533658,*MX (Kinscella. Our first trio book),src/files/NYPLFlourishBibsSchlegel2022January-1.mrc
1292403533,*MX (Kobune. Stringquartette no. 1),src/files/NYPLFlourishBibsSchlegel2022January-1.mrc
1292404355,"*MX (Kocher-Klein. Kleine serenade für Flöte, Oboe)",src/files/NYPLFlourishBibsSchlegel2022January-1.mrc
70741808,*MX (Koyama. Japanese folk songs),src/files/NYPLFlourishBibsSchlegel2022January-1.mrc
18369813,*MX (Koyama. Quartet for Japanese instruments),src/files/NYPLFlourishBibsSchlegel2022January-1.mrc
46437421,*MX (Lacerda. Variações e fuga),src/files/NYPLFlourishBibsSchlegel2022January-1.mrc
20519439,*MX (Lee. Introduction and allegro),src/files/NYPLFlourishBibsSchlegel2022January-1.mrc
62422215,"*MX (Lu, Quartet for B♭ clarinet, tuba)",src/files/NYPLFlourishBibsSchlegel2022January-1.mrc
29872280,*MX (Maconchy. Reflections),src/files/NYPLFlourishBibsSchlegel2022January-1.mrc
842446519,*MX (Maconchy. Sonatina for string quartet),src/files/NYPLFlourishBibsSchlegel2022January-1.mrc
976673830,*MX (Maeda. Music for three wood wind),src/files/NYPLFlourishBibsSchlegel2022January-1.mrc
70724196,*MX (Maeda. String quartet),src/files/NYPLFlourishBibsSchlegel2022January-1.mrc
11757729,*MX (Mamiya. String quartet no. 1.),src/files/NYPLFlourishBibsSchlegel2022January-1.mrc
25347425,*MX (Mamiya. Three movements for wind quintet),src/files/NYPLFlourishBibsSchlegel2022January-1.mrc
7517039,*MX (Matsumura. Musique pour quatuor à cordes),src/files/NYPLFlourishBibsSchlegel2022January-1.mrc
16053105,*MX (Matsushita. Composizione da camera per 8),src/files/NYPLFlourishBibsSchlegel2022January-1.mrc
6361393,*MX (Matsushita. Correlazioni),src/files/NYPLFlourishBibsSchlegel2022January-1.mrc
70742824,*MX (Matsushita. Fresque sonore),src/files/NYPLFlourishBibsSchlegel2022January-1.mrc
18312060,*MX (Matsushita. Musique pour soprano et ensemble),src/files/NYPLFlourishBibsSchlegel2022January-1.mrc
70724080,*MX (Matsunaga. Impromptu pour 5 executants),src/files/NYPLFlourishBibsSchlegel2022January-1.mrc
1950584,*MX (Maturana. Cuarteto de cuerdas),src/files/NYPLFlourishBibsSchlegel2022January-1.mrc
1052923604,*MX (Matuszczak. Musica da camera),src/files/NYPLFlourishBibsSchlegel2022January-1.mrc
644216,*MX (Mayuzumi. Microcosmos),src/files/NYPLFlourishBibsSchlegel2022January-1.mrc
15219044,*MX (Mayuzumi. Pieces for prepared piano and strings),src/files/NYPLFlourishBibsSchlegel2022January-1.mrc
48206705,"*MX (Mayuzumi. Prelude, string quartet)",src/files/NYPLFlourishBibsSchlegel2022January-1.mrc
7884092,*MX (Mendoza. Canto funeral),src/files/NYPLFlourishBibsSchlegel2022January-1.mrc
25816558,"*MX (Miyake. Quartet for clarinet, violin)",src/files/NYPLFlourishBibsSchlegel2022January-1.mrc
25766281,*MX (Miyoshi. Quatuor à cordes),src/files/NYPLFlourishBibsSchlegel2022January-1.mrc
15543369,*MX (Miyoshi. Quatuor à cordes no. 2),src/files/NYPLFlourishBibsSchlegel2022January-1.mrc
13287518,"*MX (Miyoshi. Sonate, pour flûte, violoncelle, et piano)",src/files/NYPLFlourishBibsSchlegel2022January-1.mrc
2504748,*MX (Moszumańska-Nazar. Interpretacje na flet),src/files/NYPLFlourishBibsSchlegel2022January-1.mrc
2115176,"*MX (Musgrave. Chamber concerto, no. 2)",src/files/NYPLFlourishBibsSchlegel2022January-1.mrc
16454719,"*MX (Musgrave. String quartet, for violins, viola)",src/files/NYPLFlourishBibsSchlegel2022January-1.mrc
2230986,"*MX (Musgrave. Serenade for flute, clarinet, harp)",src/files/NYPLFlourishBibsSchlegel2022January-1.mrc
2234878,"*MX (Musgrave. Trio for flute, oboe & piano)",src/files/NYPLFlourishBibsSchlegel2022January-1.mrc
1292477366,*MX (Moncayo. Amatzinac),src/files/NYPLFlourishBibsSchlegel2022January-1.mrc
25580793,*MX (Moroi. Cinq épigrammes),src/files/NYPLFlourishBibsSchlegel2022January-1.mrc
4226990,"*MX (Carreño. Quinteto para flauta, oboe)",src/files/NYPLFlourishBibsSchlegel2022January-1.mrc
1292554817,"*MX-Amer. (Palmer, C. Streichquartette)",src/files/NYPLFlourishBibsSchlegel2022January-2.mrc
16455121,*MX-Amer. (Paine. Quartet for two violins),src/files/NYPLFlourishBibsSchlegel2022January-2.mrc
13492032,"*MX-Amer. (Palmer, R. Piano quartet)",src/files/NYPLFlourishBibsSchlegel2022January-2.mrc
2142415,"*MX-Amer. (Palmer, R. Piano quintet)",src/files/NYPLFlourishBibsSchlegel2022January-2.mrc
56424908,"*MX-Amer. (Palmer, C. Quintette, quatuor à cordes et piano)",src/files/NYPLFlourishBibsSchlegel2022January-2.mrc
2142452,"*MX-Amer. (Palmer, R. Quintet for A clarinet, string trio, and piano)",src/files/NYPLFlourishBibsSchlegel2022January-2.mrc
1452731,*MX-Amer. (Parchman. Sonata for woodwind quintet),src/files/NYPLFlourishBibsSchlegel2022January-2.mrc
1448578,*MX-Amer. (Parchman. Piano trio),src/files/NYPLFlourishBibsSchlegel2022January-2.mrc
18839980,*MX-Amer. (Wyatt. String quartet in G major),src/files/NYPLFlourishBibsSchlegel2022January-2.mrc
11672816,"*MX-Amer. (Parris, H. Seven moods)",src/files/NYPLFlourishBibsSchlegel2022January-2.mrc
17709859,"*MX-Amer. (Parris, H. Four rhapsodies)",src/files/NYPLFlourishBibsSchlegel2022January-2.mrc
1083314,"*MX-Amer. (Parris, R. Trio: clarinet, piano, cello)",src/files/NYPLFlourishBibsSchlegel2022January-2.mrc
4840700,*MX-Amer. (Patterson. Wind quintet),src/files/NYPLFlourishBibsSchlegel2022January-2.mrc
1292557146,*MX-Amer. (Peck. Six pak),src/files/NYPLFlourishBibsSchlegel2022January-2.mrc
1292557228,*MX-Amer. (Peck. Unsafe at any speed),src/files/NYPLFlourishBibsSchlegel2022January-2.mrc
2338967,*MX-Amer. (Persichetti. Parable),src/files/NYPLFlourishBibsSchlegel2022January-2.mrc
1292561159,*MX-Amer. (Perle. Quintet for winds #1),src/files/NYPLFlourishBibsSchlegel2022January-2.mrc
975101,"*MX-Amer. (Persichetti. Pastoral for flute, oboe)",src/files/NYPLFlourishBibsSchlegel2022January-2.mrc
2227467,*MX-Amer. (Persichetti. Quintet for piano and strings),src/files/NYPLFlourishBibsSchlegel2022January-2.mrc
1216155,*MX-Amer. (Persichetti. Third string quartet),src/files/NYPLFlourishBibsSchlegel2022January-2.mrc
615379,*MX-Amer. (Persichetti. Serenade no. 1),src/files/NYPLFlourishBibsSchlegel2022January-2.mrc
1870814,*MX-Amer. (Persichetti. Serenade no. 3),src/files/NYPLFlourishBibsSchlegel2022January-2.mrc
1619459,*MX-Amer. (Persichetti. Serenade no. 6),src/files/NYPLFlourishBibsSchlegel2022January-2.mrc
1292561609,*MX-Amer. (Peterson. Phantasmagoria),src/files/NYPLFlourishBibsSchlegel2022January-2.mrc
68198096,*MX-Amer. (Phifer. Construction no. 2),src/files/NYPLFlourishBibsSchlegel2022January-2.mrc
1083969,"*MX-Amer. (Phillips, B. Prelude for brass quartet)",src/files/NYPLFlourishBibsSchlegel2022January-2.mrc
1146138,*MX-Amer. (Piket. Dance & march),src/files/NYPLFlourishBibsSchlegel2022January-2.mrc
17897315,*MX-Amer. (Piket. Legend and jollity),src/files/NYPLFlourishBibsSchlegel2022January-2.mrc
13987296,*MX-Amer. (Piket. Reflection and caprice),src/files/NYPLFlourishBibsSchlegel2022January-2.mrc
11376571,"*MX-Amer. (Piket. Trio for flute, clarinet and bassoon)",src/files/NYPLFlourishBibsSchlegel2022January-2.mrc
1057950749,"*MX-Amer. (Pinkham. Concertante, organ, brass)",src/files/NYPLFlourishBibsSchlegel2022January-2.mrc
1304778,"*MX-Amer. (Pinkham. Concertante organ, celesta)",src/files/NYPLFlourishBibsSchlegel2022January-2.mrc
2294551,"*MX-Amer. (Pinkham. Prelude, adagio, and chorale)",src/files/NYPLFlourishBibsSchlegel2022January-2.mrc
1983672,"*MX-Amer. (Pinkham. Fanfare, aria and echo)",src/files/NYPLFlourishBibsSchlegel2022January-2.mrc
4659771,*MX-Amer. (Pinkham. Sonata no. 1),src/files/NYPLFlourishBibsSchlegel2022January-2.mrc
14017920,*MX-Amer. (Pinkham. Sonata no. 2),src/files/NYPLFlourishBibsSchlegel2022January-2.mrc
82798783,*MX-Amer. (Pinkham. Brass trio),src/files/NYPLFlourishBibsSchlegel2022January-2.mrc
16448967,"*MX-Amer. (Pisk. I. Streichquartett, op. 8)",src/files/NYPLFlourishBibsSchlegel2022January-2.mrc
20009494,*MX-Amer. (Piston. Divertimento for nine instruments),src/files/NYPLFlourishBibsSchlegel2022January-2.mrc
123137027,*MX-Amer. (Piston. Three pieces for flute),src/files/NYPLFlourishBibsSchlegel2022January-2.mrc
26073116,*MX-Amer. (Piston. String quartet no.1.),src/files/NYPLFlourishBibsSchlegel2022January-2.mrc
979682030,"*MX-Amer. (Piston. String quartet, no. 2)",src/files/NYPLFlourishBibsSchlegel2022January-2.mrc
21453018,*MX-Amer. (Piston. String quartet no. 3. 1949b),src/files/NYPLFlourishBibsSchlegel2022January-2.mrc
751276,*MX-Amer. (Piston. String quartet no. 3. 1949a),src/files/NYPLFlourishBibsSchlegel2022January-2.mrc
268633,*MX-Amer. (Piston. String quartet no. 4),src/files/NYPLFlourishBibsSchlegel2022January-2.mrc
265193,"*MX-Amer. (Piston. String quartet, no. 5. 1963a)",src/files/NYPLFlourishBibsSchlegel2022January-2.mrc
253998,"*MX-Amer. (Piston. String quartet, no. 5. 1963b)",src/files/NYPLFlourishBibsSchlegel2022January-2.mrc
268009,*MX-Amer. (Piston. Quintet for wind instruments),src/files/NYPLFlourishBibsSchlegel2022January-2.mrc
18767874,*MX-Amer. (Piston. Sextet for stringed instruments),src/files/NYPLFlourishBibsSchlegel2022January-2.mrc
3734230,*MX-Amer. (Pisk. Five variations),src/files/NYPLFlourishBibsSchlegel2022January-2.mrc
2232173,"*MX-Amer. (Piston. Trio for violin, violoncello)",src/files/NYPLFlourishBibsSchlegel2022January-2.mrc
1292940510,*MX-Amer. (Pleskow. Bagatelles no. 2),src/files/NYPLFlourishBibsSchlegel2022January-2.mrc
1292940730,*MX-Amer. (Pleskow. Crossplay),src/files/NYPLFlourishBibsSchlegel2022January-2.mrc
1292940676,"*MX-Amer. (Pleskow. Movement for oboe, violin and piano)",src/files/NYPLFlourishBibsSchlegel2022January-2.mrc
1292940823,*MX-Amer. (Pleskow. Music for seven players),src/files/NYPLFlourishBibsSchlegel2022January-2.mrc
1292940833,*MX-Amer. (Pleskow. Sextet),src/files/NYPLFlourishBibsSchlegel2022January-2.mrc
36743184,"*MX-Amer. (Pleskow. Quartet for flute, violin, clarinet)",src/files/NYPLFlourishBibsSchlegel2022January-2.mrc
608355,*MX-Amer. (Pochon. Drink to me),src/files/NYPLFlourishBibsSchlegel2022January-2.mrc
8644263,*MX-Amer. (Pochon. A progressive method),src/files/NYPLFlourishBibsSchlegel2022January-2.mrc
1292944392,*MX-Amer. (Polifrone. String quartet),src/files/NYPLFlourishBibsSchlegel2022January-2.mrc
1292944581,*MX-Amer. (Polin. Consecutivo),src/files/NYPLFlourishBibsSchlegel2022January-2.mrc
1164341,*MX-Amer. (Porter. Divertimento for woodwind quintet),src/files/NYPLFlourishBibsSchlegel2022January-2.mrc
17778626,*MX-Amer. (Porter. Divertimento for two violins and viola),src/files/NYPLFlourishBibsSchlegel2022January-2.mrc
13974735,*MX-Amer. (Porter. Little trio),src/files/NYPLFlourishBibsSchlegel2022January-2.mrc
1936457,*MX-Amer. (Porter. String quartet no. 3. 1936),src/files/NYPLFlourishBibsSchlegel2022January-2.mrc
9630928,*MX-Amer. (Porter. String quartet no. 3. 1963),src/files/NYPLFlourishBibsSchlegel2022January-2.mrc
26189598,*MX-Amer. (Porter. String quartet no. IV),src/files/NYPLFlourishBibsSchlegel2022January-2.mrc
478629934,*MX-Amer. (Porter. 5th string quartet),src/files/NYPLFlourishBibsSchlegel2022January-2.mrc
9088919,*MX-Amer. (Porter. Sixth string quartet),src/files/NYPLFlourishBibsSchlegel2022January-2.mrc
8026150,*MX-Amer. (Porter. String quartet no. 7),src/files/NYPLFlourishBibsSchlegel2022January-2.mrc
3312969,*MX-Amer. (Porter. String quartet no. 8),src/files/NYPLFlourishBibsSchlegel2022January-2.mrc
2559006,*MX-Amer. (Porter. Quintet for clarinet and strings),src/files/NYPLFlourishBibsSchlegel2022January-2.mrc
2558958,*MX-Amer. (Porter. Quintet for oboe and strings),src/files/NYPLFlourishBibsSchlegel2022January-2.mrc
1304751,*MX-Amer. (Porter. Quintet on a childhood),src/files/NYPLFlourishBibsSchlegel2022January-2.mrc
4480262,"*MX-Amer. (Powell, L. Trio sonata no. 4)",src/files/NYPLFlourishBibsSchlegel2022January-2.mrc
990963,"*MX-Amer. (Powell, M. Filigree setting)",src/files/NYPLFlourishBibsSchlegel2022January-2.mrc
3527781,"*MX-Amer. (Powell, L. Quartet for mixed clarinets)",src/files/NYPLFlourishBibsSchlegel2022January-2.mrc
13687295,"*MX-Amer. (Powell, M.  Divertimento for five winds)",src/files/NYPLFlourishBibsSchlegel2022January-2.mrc
990944,"*MX-Amer. (Powell, M. Improvisation for clarinet)",src/files/NYPLFlourishBibsSchlegel2022January-2.mrc
2701773,"*MX-Amer. (Powell, M. Miniatures)",src/files/NYPLFlourishBibsSchlegel2022January-2.mrc
505930,*MX-Amer. (Premru. Concertino for trombone solo),src/files/NYPLFlourishBibsSchlegel2022January-2.mrc
26485638,*MX-Amer. (Presser. Folk song fantasy),src/files/NYPLFlourishBibsSchlegel2022January-2.mrc
1052934569,*MX-Amer. (Presser. Suite for 6 tubas),src/files/NYPLFlourishBibsSchlegel2022January-2.mrc
1084010,*MX-Amer. (Presser. Suite for brass quartet),src/files/NYPLFlourishBibsSchlegel2022January-2.mrc
17862025,"*MX-Amer. (Presser. Trio for oboe, clarinet and bassoon)",src/files/NYPLFlourishBibsSchlegel2022January-2.mrc
963957081,*MX-Amer. (Putsché. Fantasy pieces),src/files/NYPLFlourishBibsSchlegel2022January-2.mrc
12682556,*MX-Amer. (Raney. Four pieces),src/files/NYPLFlourishBibsSchlegel2022January-2.mrc
1472160,*MX-Amer. (Raphling. Three pieces for brass trio),src/files/NYPLFlourishBibsSchlegel2022January-2.mrc
2364751,*MX-Amer. (Rathaus. Country serenade),src/files/NYPLFlourishBibsSchlegel2022January-2.mrc
18365183,*MX-Amer. (Rathaus. String quartet no. III),src/files/NYPLFlourishBibsSchlegel2022January-2.mrc
2724836,*MX-Amer. (Rathaus. Fourth string quartet),src/files/NYPLFlourishBibsSchlegel2022January-2.mrc
1293010538,"*MX-Amer. (Ratner. Serenade for oboe, horn)",src/files/NYPLFlourishBibsSchlegel2022January-2.mrc
1293010532,*MX-Amer. (Ré. String quartet no. 1),src/files/NYPLFlourishBibsSchlegel2022January-2.mrc
1292988440,*MX-Amer. (Read. String quartet no.1),src/files/NYPLFlourishBibsSchlegel2022January-2.mrc
221510985,*MX-Amer. (Read. Scherzino for woodwind quintet),src/files/NYPLFlourishBibsSchlegel2022January-2.mrc
18986534,*MX-Amer. (Reck. Blues and screamer),src/files/NYPLFlourishBibsSchlegel2022January-2.mrc
1037370795,*MX-Amer. (Redman. String quartet no. 1),src/files/NYPLFlourishBibsSchlegel2022January-2.mrc
1293240306,*MX-Amer. (Reynolds. R. Traces),src/files/NYPLFlourishBibsSchlegel2022January-3.mrc
1293240140,*MX-Amer. (Redman. String quartette no. 2),src/files/NYPLFlourishBibsSchlegel2022January-3.mrc
1485605,*MX-Amer. (Reed. Symphonic dance),src/files/NYPLFlourishBibsSchlegel2022January-3.mrc
28571817,*MX-Amer. (Reif. Kaleidoscope),src/files/NYPLFlourishBibsSchlegel2022January-3.mrc
9333415,*MX-Amer. (Reif. Reverence for life),src/files/NYPLFlourishBibsSchlegel2022January-3.mrc
1448744,"*MX-Amer. (Reif. Trio for flute, violoncello and piano)",src/files/NYPLFlourishBibsSchlegel2022January-3.mrc
1448787,*MX-Amer. (Reif. Trio for flutes),src/files/NYPLFlourishBibsSchlegel2022January-3.mrc
28861337,*MX-Amer. (Reif. Wind spectrum),src/files/NYPLFlourishBibsSchlegel2022January-3.mrc
16450063,*MX-Amer. (Reiser. Quartet for strings),src/files/NYPLFlourishBibsSchlegel2022January-3.mrc
1472109,"*MX-Amer. (Reynolds, R. Acquaintances)",src/files/NYPLFlourishBibsSchlegel2022January-3.mrc
2364760,"*MX-Amer. (Reynolds, R. Four études)",src/files/NYPLFlourishBibsSchlegel2022January-3.mrc
2272350,"*MX-Amer. (Reynolds, R. String quartet no. 2)",src/files/NYPLFlourishBibsSchlegel2022January-3.mrc
1090689,"*MX-Amer. (Reynolds, R. Wedge)",src/files/NYPLFlourishBibsSchlegel2022January-3.mrc
1212769,"*MX-Amer. (Reynolds, V. Suite for brass quintet)",src/files/NYPLFlourishBibsSchlegel2022January-3.mrc
12174200,*MX-Amer. (Rhodes. Four movements),src/files/NYPLFlourishBibsSchlegel2022January-3.mrc
9332112,*MX-Amer. (Riddle. Three-quarter suite),src/files/NYPLFlourishBibsSchlegel2022January-3.mrc
34677587,*MX-Amer. (Riegger. Bläserquintett. 1952a),src/files/NYPLFlourishBibsSchlegel2022January-3.mrc
975148,*MX-Amer. (Riegger. Concerto for piano and woodwind quintet),src/files/NYPLFlourishBibsSchlegel2022January-3.mrc
1193581666,*MX-Amer. (Riegger. Introduction and fugue for four cellos),src/files/NYPLFlourishBibsSchlegel2022January-3.mrc
1022854,*MX-Amer. (Riegger. Movement for 2 trumpets),src/files/NYPLFlourishBibsSchlegel2022January-3.mrc
870605,*MX-Amer. (Riegger. Nonet for brass),src/files/NYPLFlourishBibsSchlegel2022January-3.mrc
12678128,*MX-Amer. (Riegger. String quartet no. 1),src/files/NYPLFlourishBibsSchlegel2022January-3.mrc
756061,*MX-Amer. (Riegger. String quartet number 2),src/files/NYPLFlourishBibsSchlegel2022January-3.mrc
8072321,*MX-Amer. (Riegger. Bläserquintett. 1952b),src/files/NYPLFlourishBibsSchlegel2022January-3.mrc
3409978,*MX-Amer. (Riegger. Piano quintet),src/files/NYPLFlourishBibsSchlegel2022January-3.mrc
20710002,*MX-Amer. (Riegger. Scherzo for small orchestra),src/files/NYPLFlourishBibsSchlegel2022January-3.mrc
123209074,*MX-Amer. (Riegger. Three canons for woodwinds),src/files/NYPLFlourishBibsSchlegel2022January-3.mrc
3248704,"*MX-Amer. (Riegger. Trio for piano, violin and 'cello)",src/files/NYPLFlourishBibsSchlegel2022January-3.mrc
9204292,"*MX-Amer. (Rieti. Concertino for flute, viola, violoncello)",src/files/NYPLFlourishBibsSchlegel2022January-3.mrc
1691626,*MX-Amer. (Rieti. Incisioni),src/files/NYPLFlourishBibsSchlegel2022January-3.mrc
17402235,"*MX-Amer. (Rieti. Partita, for flute, oboe, string quartet)",src/files/NYPLFlourishBibsSchlegel2022January-3.mrc
8459115,*MX-Amer. (Rieti. Quartetto in Fa magg.),src/files/NYPLFlourishBibsSchlegel2022January-3.mrc
5090142,*MX-Amer. (Rieti. Quintet for woodwind instruments),src/files/NYPLFlourishBibsSchlegel2022January-3.mrc
318173547,"*MX-Amer. (Rieti. Variations, for flute, clarinet, violin and cello)",src/files/NYPLFlourishBibsSchlegel2022January-3.mrc
12199884,"*MX-Amer. (Riley, D. Three scenes from Euripides' Bacchae)",src/files/NYPLFlourishBibsSchlegel2022January-3.mrc
18486327,*MX-Amer. (Riley. String quartet no. 2),src/files/NYPLFlourishBibsSchlegel2022January-3.mrc
1293476087,*MX-Amer. (Robb. First string quartet),src/files/NYPLFlourishBibsSchlegel2022January-3.mrc
1293476635,*MX-Amer. (Robb. String quartet no. 2),src/files/NYPLFlourishBibsSchlegel2022January-3.mrc
46639945,*MX-Amer. (Robertson. String quartet in E minor. 1940a),src/files/NYPLFlourishBibsSchlegel2022January-3.mrc
44126093,*MX-Amer. (Robertson. String quartet in E minor. 1940b),src/files/NYPLFlourishBibsSchlegel2022January-3.mrc
5281881,*MX-Amer. (Robertson. Quintet in A minor for piano),src/files/NYPLFlourishBibsSchlegel2022January-3.mrc
1067995,*MX-Amer. (Rochberg. Duo concertante),src/files/NYPLFlourishBibsSchlegel2022January-3.mrc
2232142,"*MX-Amer. (Rochberg. String quartet no. 2, with soprano)",src/files/NYPLFlourishBibsSchlegel2022January-3.mrc
1283471,*MX-Amer. (Rochberg. Serenata d'estate),src/files/NYPLFlourishBibsSchlegel2022January-3.mrc
674842,"*MX-Amer. (Rochberg. Trio, for violin, cello, and piano)",src/files/NYPLFlourishBibsSchlegel2022January-3.mrc
17714825,*MX-Amer. (Rogers. Allegory),src/files/NYPLFlourishBibsSchlegel2022January-3.mrc
1928465,"*MX-Amer. (Rogers. Ballade for piano, viola, and bassoon)",src/files/NYPLFlourishBibsSchlegel2022January-3.mrc
33086908,"*MX-Amer. (Rogers. Trio for violin, viola and 'cello)",src/files/NYPLFlourishBibsSchlegel2022January-3.mrc
692123,*MX-Amer. (Rorem. Lovers),src/files/NYPLFlourishBibsSchlegel2022January-3.mrc
2046731,*MX-Amer. (Rorem. Eleven studies),src/files/NYPLFlourishBibsSchlegel2022January-3.mrc
1293738169,*MX-Amer. (Rorem. Trio in four movements),src/files/NYPLFlourishBibsSchlegel2022January-3.mrc
13993598,*MX-Amer. (Rosenthal. Commedia),src/files/NYPLFlourishBibsSchlegel2022January-3.mrc
1442871,*MX-Amer. (Rovics. Cybernetic study no. 2. 1968a),src/files/NYPLFlourishBibsSchlegel2022January-3.mrc
20800979,*MX-Amer. (Rovics. Cybernetic study no. 2. 1968b),src/files/NYPLFlourishBibsSchlegel2022January-3.mrc
1293738413,*MX-Amer. (Rovics. Echo),src/files/NYPLFlourishBibsSchlegel2022January-3.mrc
1293755823,"*MX-Amer. (Rovics. Quartet for flute, oboe)",src/files/NYPLFlourishBibsSchlegel2022January-3.mrc
8657469,*MX-Amer. (Roy. Sterlingman suite),src/files/NYPLFlourishBibsSchlegel2022January-3.mrc
1278088,*MX-Amer. (Rózsa. Sinfonia concertante),src/files/NYPLFlourishBibsSchlegel2022January-3.mrc
1983591,*MX-Amer. (Rózsa. String quartet opus 22),src/files/NYPLFlourishBibsSchlegel2022January-3.mrc
8147965,*MX-Amer. (Russell. Fugue for eight percussion),src/files/NYPLFlourishBibsSchlegel2022January-3.mrc
8940792,*MX-Amer. (Sandberg. Sextet),src/files/NYPLFlourishBibsSchlegel2022January-3.mrc
1293874093,*MX-Amer. (Sanders. Scherzo and dirge. 1928),src/files/NYPLFlourishBibsSchlegel2022January-3.mrc
5585490,*MX-Amer. (Sanders. Scherzo and dirge. 1948),src/files/NYPLFlourishBibsSchlegel2022January-3.mrc
17673846,*MX-Amer. (Scarmolin. Barcarolle),src/files/NYPLFlourishBibsSchlegel2022January-3.mrc
15503478,*MX-Amer. (Scarmolin. Scherzino all'antica),src/files/NYPLFlourishBibsSchlegel2022January-3.mrc
29989963,"*MX-Amer. (Scarmolin. Quartet for strings, opus 174)",src/files/NYPLFlourishBibsSchlegel2022January-3.mrc
1293875077,*MX-Amer. (Scarmolin. Second string quartet),src/files/NYPLFlourishBibsSchlegel2022January-3.mrc
1293875378,*MX-Amer. (Scarmolin. Plaisanterie),src/files/NYPLFlourishBibsSchlegel2022January-3.mrc
842486027,*MX-Amer. (Schelling. Tarantella for string quartet),src/files/NYPLFlourishBibsSchlegel2022January-3.mrc
1293875673,*MX-Amer. (Schenck. 1st string quartet),src/files/NYPLFlourishBibsSchlegel2022January-3.mrc
4485884,*MX-Amer. (Schickele. Seven bagatelles),src/files/NYPLFlourishBibsSchlegel2022January-3.mrc
1293875680,*MX-Amer. (Schlabach. Caprice for 4 B♭ clarinets),src/files/NYPLFlourishBibsSchlegel2022January-3.mrc
5837639,*MX-Amer. (Schmidt. Suite no. 2),src/files/NYPLFlourishBibsSchlegel2022January-3.mrc
7641584,*MX-Amer. (Schmidt. Seven variations),src/files/NYPLFlourishBibsSchlegel2022January-3.mrc
562945,*MX-Amer. (Schmutz. Air and scherzo),src/files/NYPLFlourishBibsSchlegel2022January-3.mrc
976800968,*MX-Amer. (Scelba. Passacaglia),src/files/NYPLFlourishBibsSchlegel2022January-3.mrc
13756215,*MX-Amer. (Schmutz. Prelude and gavotte),src/files/NYPLFlourishBibsSchlegel2022January-3.mrc
2549731,*MX-Amer. (Schmutz. Preludial fantasia),src/files/NYPLFlourishBibsSchlegel2022January-3.mrc
78405921,*MX-Amer. (Schmutz. Rondo in F),src/files/NYPLFlourishBibsSchlegel2022January-3.mrc
5921418,*MX-Amer. (Schmutz. Scherzoso),src/files/NYPLFlourishBibsSchlegel2022January-3.mrc
649759,*MX-Amer. (Schuller. Abstraction),src/files/NYPLFlourishBibsSchlegel2022January-3.mrc
14025999,*MX-Amer. (Schuller. Conversations),src/files/NYPLFlourishBibsSchlegel2022January-3.mrc
1221212,*MX-Amer. (Schuller. Densities I),src/files/NYPLFlourishBibsSchlegel2022January-3.mrc
19236114,*MX-Amer. (Schuller. Fantasy quartet),src/files/NYPLFlourishBibsSchlegel2022January-3.mrc
606089546,*MX-Amer. (Schuller. Music for brass quintet),src/files/NYPLFlourishBibsSchlegel2022January-3.mrc
23530729,*MX-Amer. (Schuller. Night music),src/files/NYPLFlourishBibsSchlegel2022January-3.mrc
1002631,*MX-Amer. ( Schuller. 12 x 11),src/files/NYPLFlourishBibsSchlegel2022January-3.mrc
2362843,*MX-Amer. (Schuller. Variants on a theme),src/files/NYPLFlourishBibsSchlegel2022January-3.mrc
9307157,*MX-Amer. (Schuller. Woodwind quintet),src/files/NYPLFlourishBibsSchlegel2022January-3.mrc
1215472,*MX-Amer. (Schuller. Suite for woodwind quintet),src/files/NYPLFlourishBibsSchlegel2022January-3.mrc
916913,*MX-Amer. (Schuman. Amaryllis),src/files/NYPLFlourishBibsSchlegel2022January-3.mrc
2184241,*MX-Amer. (Schuman. String quartet number 2),src/files/NYPLFlourishBibsSchlegel2022January-3.mrc
275772,*MX-Amer. (Schuman. String quartet no. III. 1942a),src/files/NYPLFlourishBibsSchlegel2022January-3.mrc
4206655,*MX-Amer. (Schuman. String quartet no. III. 1942b),src/files/NYPLFlourishBibsSchlegel2022January-3.mrc
275080,*MX-Amer. (Schuman. String quartet no. IV),src/files/NYPLFlourishBibsSchlegel2022January-3.mrc
45993606,"*MX-Amer. (Schwartz. Music for oboe, trumpet and cello)",src/files/NYPLFlourishBibsSchlegel2022January-3.mrc
2328783,*MX-Amer. (Schwartz. Soliloquies),src/files/NYPLFlourishBibsSchlegel2022January-3.mrc
1545175,*MX-Amer. (Schwartz. Texture),src/files/NYPLFlourishBibsSchlegel2022January-3.mrc
1126681,"*MX-Amer. (Schwartz. Trio for flute, clarinet [and] cello)",src/files/NYPLFlourishBibsSchlegel2022January-3.mrc
4427777,"*MX-Amer. (Schwartz. Trio for flute, cello, piano)",src/files/NYPLFlourishBibsSchlegel2022January-3.mrc
18894997,"*MX-Amer. (Schwartz. Variations for bassoon, voice and percussion)",src/files/NYPLFlourishBibsSchlegel2022January-3.mrc
22526575,*MX-Amer. (Search. String quartet in E minor),src/files/NYPLFlourishBibsSchlegel2022January-3.mrc
3457873,*MX-Amer. (Search. Sextet),src/files/NYPLFlourishBibsSchlegel2022January-3.mrc
20538466,*MX-Amer. (Secunda. String quartet in C minor),src/files/NYPLFlourishBibsSchlegel2022January-3.mrc
956732404,*MX-Amer. (Seeger. Suite for wind quintet),src/files/NYPLFlourishBibsSchlegel2022January-3.mrc
18340814,*MX (Nikolaeva. Pervyĭ kvartet),src/files/NYPLFlourishBibsSimpkins2022January-1.mrc
7911780,*MX (Nova. 12 móviles),src/files/NYPLFlourishBibsSimpkins2022January-1.mrc
916472,*MX (Oliveros. Aeolian partitions),src/files/NYPLFlourishBibsSimpkins2022January-1.mrc
1140138,*MX (Orrego-Salas. Concertino),src/files/NYPLFlourishBibsSimpkins2022January-1.mrc
1608557,*MX (Orrego-Salas. Divertimenti),src/files/NYPLFlourishBibsSimpkins2022January-1.mrc
2226182,*MX (Orrego-Salas. Sextet),src/files/NYPLFlourishBibsSimpkins2022January-1.mrc
739126,*MX (Orrego-Salas. Sonata a quattro),src/files/NYPLFlourishBibsSimpkins2022January-1.mrc
1611521,*MX (Peña. Prelude and fugue),src/files/NYPLFlourishBibsSimpkins2022January-1.mrc
2322083,*MX (Pentland. Symphony for ten parts),src/files/NYPLFlourishBibsSimpkins2022January-1.mrc
17710931,*MX (Perceval. Serenata),src/files/NYPLFlourishBibsSimpkins2022January-1.mrc
1292475503,*MX (Porbandar. Forty two compositions),src/files/NYPLFlourishBibsSimpkins2022January-1.mrc
15033474,*MX (Quintanar. Trio),src/files/NYPLFlourishBibsSimpkins2022January-1.mrc
2320485,*MX (Revueltas. Colorines),src/files/NYPLFlourishBibsSimpkins2022January-1.mrc
18707987,*MX (Revueltas. First),src/files/NYPLFlourishBibsSimpkins2022January-1.mrc
3537222,*MX (Revueltas. Four little pieces),src/files/NYPLFlourishBibsSimpkins2022January-1.mrc
13011537,*MX (Revueltas. Homenaje. 1958),src/files/NYPLFlourishBibsSimpkins2022January-1.mrc
317735285,*MX (Revueltas. Homenaje. 1937),src/files/NYPLFlourishBibsSimpkins2022January-1.mrc
683966,*MX (Revueltas. Ocho por radio),src/files/NYPLFlourishBibsSimpkins2022January-1.mrc
22980324,*MX (Revueltas. String quartet no. 1),src/files/NYPLFlourishBibsSimpkins2022January-1.mrc
17371510,*MX (Revueltas. String quartet no. 2),src/files/NYPLFlourishBibsSimpkins2022January-1.mrc
2278196,*MX (Revueltas. Toccata),src/files/NYPLFlourishBibsSimpkins2022January-1.mrc
9340356,*MX (Roldan. Ritmica no. 1),src/files/NYPLFlourishBibsSimpkins2022January-1.mrc
18433446,*MX (Rueff. Quatuor),src/files/NYPLFlourishBibsSimpkins2022January-1.mrc
17600689,"*MX (Rulison. Thème, variations et finale)",src/files/NYPLFlourishBibsSimpkins2022January-1.mrc
25783859,*MX (Saegusa. Bläserquintet),src/files/NYPLFlourishBibsSimpkins2022January-1.mrc
30596551,*MX (Saitō. Quartet),src/files/NYPLFlourishBibsSimpkins2022January-1.mrc
11696656,*MX (Rueff. Concert),src/files/NYPLFlourishBibsSimpkins2022January-1.mrc
5139204,*MX (Soro. Trio),src/files/NYPLFlourishBibsSimpkins2022January-1.mrc
976378,*MX (Surinach. Tres cantos berberes),src/files/NYPLFlourishBibsSimpkins2022January-1.mrc
1292552264,"*MX (Surinach. Madrid, 1890)",src/files/NYPLFlourishBibsSimpkins2022January-1.mrc
28073755,*MX (Surinach. Quartet),src/files/NYPLFlourishBibsSimpkins2022January-1.mrc
82566615,*MX Amer. (Surinach. Ritmo jondo),src/files/NYPLFlourishBibsSimpkins2022January-1.mrc
16722705,*MX (Takata. Marionette),src/files/NYPLFlourishBibsSimpkins2022January-1.mrc
2578583,*MX (Takahashi. Operation Euler),src/files/NYPLFlourishBibsSimpkins2022January-1.mrc
17392247,*MX (Tanaka. Adagio),src/files/NYPLFlourishBibsSimpkins2022January-1.mrc
1912456,*MX (Tate. String quartet),src/files/NYPLFlourishBibsSimpkins2022January-1.mrc
29989971,*MX (Santa Cruz. String quartet no. 1),src/files/NYPLFlourishBibsSimpkins2022January-1.mrc
8104727,*MX (Santa Cruz. String quartet no. 2),src/files/NYPLFlourishBibsSimpkins2022January-1.mrc
2363975,*MX (Santa Cruz. Cuartet no. 3),src/files/NYPLFlourishBibsSimpkins2022January-1.mrc
400360,*MX (Santa Cruz. Quintet),src/files/NYPLFlourishBibsSimpkins2022January-1.mrc
976491,*MX (Saucedo. Toccata),src/files/NYPLFlourishBibsSimpkins2022January-1.mrc
8104843,*MX (Saygun. String quartet no. 1),src/files/NYPLFlourishBibsSimpkins2022January-1.mrc
18399588,*MX (Saygun. String quartet no. 2),src/files/NYPLFlourishBibsSimpkins2022January-1.mrc
17570220,"*MX (Schumann, C. Trio für Pianoforte)",src/files/NYPLFlourishBibsSimpkins2022January-1.mrc
23041576,*MX (Shibata. Essay),src/files/NYPLFlourishBibsSimpkins2022January-1.mrc
63601391,*MX (Smyth. Strichquartett),src/files/NYPLFlourishBibsSimpkins2022January-1.mrc
28977307,*MX (Yashiro. Quatuor),src/files/NYPLFlourishBibsSimpkins2022January-1.mrc
13658906,*MX (Yashiro. Sonata),src/files/NYPLFlourishBibsSimpkins2022January-1.mrc
3553313,*MX (Yun. Images),src/files/NYPLFlourishBibsSimpkins2022January-1.mrc
17708774,*MX (Yun . Loyang),src/files/NYPLFlourishBibsSimpkins2022January-1.mrc
1221763,*MX (Yun. Musik),src/files/NYPLFlourishBibsSimpkins2022January-1.mrc
1227813,*MX (Yun . String quartet no. 3),src/files/NYPLFlourishBibsSimpkins2022January-1.mrc
13831787,*MX (Guerra-Peixe. Cuarteto no. 1),src/files/NYPLFlourishBibsSimpkins2022January-1.mrc
2753879,*MX-Amer. (Gaburo. Line studies),src/files/NYPLFlourishBibsSimpkins2022January-2.mrc
2753673,*MX-Amer. (Gaburo. String quartet),src/files/NYPLFlourishBibsSimpkins2022January-2.mrc
1292556105,*MX-Amer. (Gallitelli. Brevities),src/files/NYPLFlourishBibsSimpkins2022January-2.mrc
1292556404,*MX-Amer. (Gallitelli. Miniatures),src/files/NYPLFlourishBibsSimpkins2022January-2.mrc
18594990,*MX-Amer. (Gardner. Quintet),src/files/NYPLFlourishBibsSimpkins2022January-2.mrc
78516218,*MX-Amer. (Garlick. 4 episodes),src/files/NYPLFlourishBibsSimpkins2022January-2.mrc
1458464,*MX-Amer. (Garlick. Essay),src/files/NYPLFlourishBibsSimpkins2022January-2.mrc
976850010,*MX-Amer. (Garlick. String quartet no. 1),src/files/NYPLFlourishBibsSimpkins2022January-2.mrc
33118094,*MX-Amer. (Garlick. String quartet II),src/files/NYPLFlourishBibsSimpkins2022January-2.mrc
84947042,*MX-Amer. (Garlick. Suite for brass ensemble),src/files/NYPLFlourishBibsSimpkins2022January-2.mrc
787982,*MX-Amer. (Goodman. Trio),src/files/NYPLFlourishBibsSimpkins2022January-2.mrc
11222068,*MX-Amer. (Gottlieb. Twilight crane),src/files/NYPLFlourishBibsSimpkins2022January-2.mrc
35204717,"*MX-Amer. (Gould, G.. String quartet)",src/files/NYPLFlourishBibsSimpkins2022January-2.mrc
29573047,*MX-Amer. (Grant. String quartet),src/files/NYPLFlourishBibsSimpkins2022January-2.mrc
6645910,"*MX-Amer. (Green, D. Four conversations)",src/files/NYPLFlourishBibsSimpkins2022January-2.mrc
3880412,"*MX-Amer. (Green, R. Five epigrammatic portraits)",src/files/NYPLFlourishBibsSimpkins2022January-2.mrc
79825280,"*MX-Amer. (Green, R. Holiday for four)",src/files/NYPLFlourishBibsSimpkins2022January-2.mrc
6999467,"*MX-Amer. (Green, R. Three pieces for a concert )",src/files/NYPLFlourishBibsSimpkins2022January-2.mrc
4096086,*MX-Amer. (Gruenberg. Four diversions),src/files/NYPLFlourishBibsSimpkins2022January-2.mrc
283543,*MX-Amer. (Goeb. Prairie songs),src/files/NYPLFlourishBibsSimpkins2022January-2.mrc
48097870,*MX-Amer. (Garlick. Two trios),src/files/NYPLFlourishBibsSimpkins2022January-2.mrc
1292557131,*MX-Amer. (Garvey. String quartet),src/files/NYPLFlourishBibsSimpkins2022January-2.mrc
20212500,*MX-Amer. (Gaul. Compositions),src/files/NYPLFlourishBibsSimpkins2022January-2.mrc
28647450,*MX-Amer. (Gaul. From an Indian),src/files/NYPLFlourishBibsSimpkins2022January-2.mrc
17330795,*MX-Amer. (Gaul. From the Great),src/files/NYPLFlourishBibsSimpkins2022January-2.mrc
29488582,*MX-Amer. (Gaul. Palestinian peregrinations),src/files/NYPLFlourishBibsSimpkins2022January-2.mrc
5180062,*MX-Amer. (Gaul. Tennessee devil tunes),src/files/NYPLFlourishBibsSimpkins2022January-2.mrc
5398428,*MX-Amer. (Gaul. Three),src/files/NYPLFlourishBibsSimpkins2022January-2.mrc
26701806,*MX-Amer. (Gault. Mélange spiritual),src/files/NYPLFlourishBibsSimpkins2022January-2.mrc
3385359,*MX-Amer. (Gershwin. Lullaby),src/files/NYPLFlourishBibsSimpkins2022January-2.mrc
1292594527,*MX-Amer. (Gershwin. Ballad),src/files/NYPLFlourishBibsSimpkins2022January-2.mrc
13978112,*MX-Amer. (Composer. Title),src/files/NYPLFlourishBibsSimpkins2022January-2.mrc
6053919,*MX-Amer. (Giannini. Quintet),src/files/NYPLFlourishBibsSimpkins2022January-2.mrc
1292594652,*MX-Amer. (Gibbs. Melanie),src/files/NYPLFlourishBibsSimpkins2022January-2.mrc
25766891,*MX-Amer. (Gibbs. Six improvisatory sketches),src/files/NYPLFlourishBibsSimpkins2022January-2.mrc
47613136,*MX-Amer. (Gideon. Lyric piece),src/files/NYPLFlourishBibsSimpkins2022January-2.mrc
6075071,*MX-Amer. (Gillis. Sonatina no. 2),src/files/NYPLFlourishBibsSimpkins2022January-2.mrc
12200424,*MX-Amer. (Glass. Diversions),src/files/NYPLFlourishBibsSimpkins2022January-2.mrc
11319310,*MX-Amer. (Glass. Divertimento),src/files/NYPLFlourishBibsSimpkins2022January-2.mrc
8614160,*MX-Amer. (Hadley. Quintet),src/files/NYPLFlourishBibsSimpkins2022January-2.mrc
2719359,*MX-Amer. (Harris. Three variations on a theme),src/files/NYPLFlourishBibsSimpkins2022January-2.mrc
366777,*MX-Amer. (Harris. Trio),src/files/NYPLFlourishBibsSimpkins2022January-2.mrc
1084072,*MX-Amer. (Hartley. Two pastiches),src/files/NYPLFlourishBibsSimpkins2022January-2.mrc
18703341,*MX-Amer. (Hartley. Quintet),src/files/NYPLFlourishBibsSimpkins2022January-2.mrc
1005261,*MX-Amer. (Haslam. Antimasque),src/files/NYPLFlourishBibsSimpkins2022January-2.mrc
7075861,*MX-Amer. (Haubiel. Acceleration),src/files/NYPLFlourishBibsSimpkins2022January-2.mrc
1292922310,*MX-Amer. (Haubiel. Clasici),src/files/NYPLFlourishBibsSimpkins2022January-2.mrc
10772854,*MX-Amer. (Haubiel. Duoforms),src/files/NYPLFlourishBibsSimpkins2022January-2.mrc
853235,*MX-Amer. (Haubiel. Echi classici),src/files/NYPLFlourishBibsSimpkins2022January-2.mrc
1963544,*MX-Amer. (Haubiel. Five pieces),src/files/NYPLFlourishBibsSimpkins2022January-2.mrc
11467212,*MX-Amer. (Glass. String quartet),src/files/NYPLFlourishBibsSimpkins2022January-2.mrc
1292634258,*MX-Amer. (Glickman. Octet),src/files/NYPLFlourishBibsSimpkins2022January-2.mrc
2821530,*MX-Amer. (Goeb. Suite in folk style),src/files/NYPLFlourishBibsSimpkins2022January-2.mrc
40592159,*MX-Amer. (Goeb. Suite for woodwind trio),src/files/NYPLFlourishBibsSimpkins2022January-2.mrc
7629823,*MX-Amer. (Gold. String quartet no. 1),src/files/NYPLFlourishBibsSimpkins2022January-2.mrc
15057650,*MX-Amer. (Goldmark. Quartet in A),src/files/NYPLFlourishBibsSimpkins2022January-2.mrc
19365414,*MX-Amer. (Goldmark. Trio),src/files/NYPLFlourishBibsSimpkins2022January-2.mrc
13757423,*MX-Amer. (Goodman. Quintet),src/files/NYPLFlourishBibsSimpkins2022January-2.mrc
4630908,*MX-Amer. (Haieff. Streichquartett no. 1),src/files/NYPLFlourishBibsSimpkins2022January-2.mrc
492890,*MX-Amer. (Haines. Sonata),src/files/NYPLFlourishBibsSimpkins2022January-2.mrc
1292735268,*MX-Amer. (Guitar arrangements),src/files/NYPLFlourishBibsSimpkins2022January-2.mrc
1292738072,*MX-Amer. (Gulino. Elegie),src/files/NYPLFlourishBibsSimpkins2022January-2.mrc
1292738093,*MX-Amer. (Gulino. Set of four),src/files/NYPLFlourishBibsSimpkins2022January-2.mrc
1292738144,*MX-Amer. (Gunn. Suite),src/files/NYPLFlourishBibsSimpkins2022January-2.mrc
78007566,*MX-Amer. (Composer. Title),src/files/NYPLFlourishBibsSimpkins2022January-2.mrc
16619794,*MX-Amer. (Hanna. Suite),src/files/NYPLFlourishBibsSimpkins2022January-2.mrc
18240316,*MX-Amer. (Hanson. Quartet),src/files/NYPLFlourishBibsSimpkins2022January-2.mrc
2429824,*MX-Amer. (Harris. Fantasy),src/files/NYPLFlourishBibsSimpkins2022January-2.mrc
1227445,*MX-Amer. (Harris. 4 minutes--20 seconds),src/files/NYPLFlourishBibsSimpkins2022January-2.mrc
5635383,*MX-Amer. (Harris. String quartet no. 3),src/files/NYPLFlourishBibsSimpkins2022January-2.mrc
742361281,*MX-Amer. (Haubiel. For Louis XVI),src/files/NYPLFlourishBibsSimpkins2022January-2.mrc
1540019,*MX-Amer. (Haubiel. In the French manner),src/files/NYPLFlourishBibsSimpkins2022January-2.mrc
78970468,*MX-Amer. (Haubiel. In praise of dance (Partita)),src/files/NYPLFlourishBibsSimpkins2022January-2.mrc
16170783,*MX-Amer. (Haubiel. In praise of dance),src/files/NYPLFlourishBibsSimpkins2022January-2.mrc
2696526,*MX-Amer. (Haubiel. Pastoral trio),src/files/NYPLFlourishBibsSimpkins2022January-2.mrc
1292923433,*MX-Amer. (Haubiel. Plaint and Cradle song),src/files/NYPLFlourishBibsSimpkins2022January-2.mrc
4346274,*MX-Amer. (Haubiel. Recessional),src/files/NYPLFlourishBibsSimpkins2022January-2.mrc
1540026,*MX-Amer. (Haubiel. Romanza),src/files/NYPLFlourishBibsSimpkins2022January-2.mrc
53813923,*MX-Amer. (Haubiel. String trio),src/files/NYPLFlourishBibsSimpkins2022January-2.mrc
9327694,*MX-Amer. (Haufrecht. Suite),src/files/NYPLFlourishBibsSimpkins2022January-2.mrc
19489152,*MX-Amer. (Hazzard. Expression),src/files/NYPLFlourishBibsSimpkins2022January-2.mrc
3281225,*MX-Amer. (Heiden. Four dances),src/files/NYPLFlourishBibsSimpkins2022January-2.mrc
4106497,*MX-Amer. (Heiden. Quintet),src/files/NYPLFlourishBibsSimpkins2022January-2.mrc
3597352,"*MX-Amer. (Heiden. Trio for violin, cello, and piano)",src/files/NYPLFlourishBibsSimpkins2022January-2.mrc
989214,*MX-Amer. (Heiden. Woodwind quintet),src/files/NYPLFlourishBibsSimpkins2022January-2.mrc
1950386,*MX-Amer. (Heiden. Sinfonia),src/files/NYPLFlourishBibsSimpkins2022January-2.mrc
6753044,*MX-Amer. (Heilman. Trio),src/files/NYPLFlourishBibsSimpkins2022January-2.mrc
5733820,*MX-Amer. (Heineman. Views),src/files/NYPLFlourishBibsSimpkins2022January-2.mrc
13773059,*MX-Amer. (Helfer. Quartet in G),src/files/NYPLFlourishBibsSimpkins2022January-2.mrc
4241418,*MX-Amer. (Heller. Three aquatints),src/files/NYPLFlourishBibsSimpkins2022January-2.mrc
830896262,*MX-Amer. (Helm. Bläser-Quartett),src/files/NYPLFlourishBibsSimpkins2022January-2.mrc
7675284,*MX-Amer. (Helm. String quartet no II),src/files/NYPLFlourishBibsSimpkins2022January-2.mrc
19638111,*MX-Amer. (Helm. Sinfonia da camera),src/files/NYPLFlourishBibsSimpkins2022January-2.mrc
18541487,*MX-Amer. (Heussenstamm. Callichoreo),src/files/NYPLFlourishBibsSimpkins2022January-2.mrc
82532067,*MX-Amer. (Heussenstamm. Canonograph),src/files/NYPLFlourishBibsSimpkins2022January-2.mrc
977123831,*MX-Amer. (Heussenstamm. Canonograph no. 2),src/files/NYPLFlourishBibsSimpkins2022January-2.mrc
959054,*MX-Amer. (Heussenstamm. Dreieck),src/files/NYPLFlourishBibsSimpkins2022January-2.mrc
7682322,*MX-Amer. (Heussenstamm. Instabilities),src/files/NYPLFlourishBibsSimpkins2022January-2.mrc
1316275,*MX-Amer. (Heussenstamm. Mini-variations),src/files/NYPLFlourishBibsSimpkins2022January-2.mrc
50288996,*MX-Amer. (Herder. First string quartet),src/files/NYPLFlourishBibsSimpkins2022January-2.mrc
366767,*MX-Amer. (Ives. Set of pieces),src/files/NYPLFlourishBibsSimpkins2022January-3.mrc
1034695,*MX-Amer. (Ives. Tone roads no. 1),src/files/NYPLFlourishBibsSimpkins2022January-3.mrc
12173200,*MX-Amer. (Ives. Tone roads no. 3),src/files/NYPLFlourishBibsSimpkins2022January-3.mrc
1947458,*MX-Amer. (Jacobi. Hagiographa),src/files/NYPLFlourishBibsSimpkins2022January-3.mrc
1916020,*MX-Amer. (Jacobi. String quartet no. 2),src/files/NYPLFlourishBibsSimpkins2022January-3.mrc
6988430,*MX-Amer. (Jacobi. String quartet no. 3),src/files/NYPLFlourishBibsSimpkins2022January-3.mrc
2294500,*MX-Amer. (Jacobi. Scherzo),src/files/NYPLFlourishBibsSimpkins2022January-3.mrc
123137173,*MX-Amer. (Jacobi. String quartet on Indian themes. 1954),src/files/NYPLFlourishBibsSimpkins2022January-3.mrc
11643496,*MX-Amer. (Jacobi. String quartet on Indian themes. 1926),src/files/NYPLFlourishBibsSimpkins2022January-3.mrc
2093998,*MX-Amer. (James. Suite in four movements),src/files/NYPLFlourishBibsSimpkins2022January-3.mrc
16451554,"*MX-Amer. (Jarecki. Quartet for strings, op. 21)",src/files/NYPLFlourishBibsSimpkins2022January-3.mrc
12173235,*MX-Amer. (Jarrett. Serenade),src/files/NYPLFlourishBibsSimpkins2022January-3.mrc
12179545,*MX-Amer. (Jenkins. Sinfonia two),src/files/NYPLFlourishBibsSimpkins2022January-3.mrc
11319264,*MX-Amer. (Jenni. Amicorum musices no 1),src/files/NYPLFlourishBibsSimpkins2022January-3.mrc
2515238,"*MX-Amer. (Johnson, H. Serenade for flute and clarinet)",src/files/NYPLFlourishBibsSimpkins2022January-3.mrc
1436882,"*MX-Amer. (Johnson, H. Trio for flute, oboe and piano)",src/files/NYPLFlourishBibsSimpkins2022January-3.mrc
1293029396,"*MX-Amer. (Johnson, T. Collage no. 1)",src/files/NYPLFlourishBibsSimpkins2022January-3.mrc
1293029313,"*MX-Amer. (Johnson, T. Collage no. 2)",src/files/NYPLFlourishBibsSimpkins2022January-3.mrc
1293029468,"*MX-Amer. (Johnson, T. Collage no. 3)",src/files/NYPLFlourishBibsSimpkins2022January-3.mrc
5360501,"*MX-Amer. (Johnson, W. Nocturne)",src/files/NYPLFlourishBibsSimpkins2022January-3.mrc
8625745,"*MX-Amer. (Johnson, W. Prelude romantique)",src/files/NYPLFlourishBibsSimpkins2022January-3.mrc
1293030270,"*MX-Amer. (Johnston, B. Number one)",src/files/NYPLFlourishBibsSimpkins2022January-3.mrc
12173398,"*MX-Amer. (Johnston, J. Nocturne)",src/files/NYPLFlourishBibsSimpkins2022January-3.mrc
11791058,"*MX-Amer. (Jones, C. Lyric waltz suite)",src/files/NYPLFlourishBibsSimpkins2022January-3.mrc
6562447,"*MX-Amer. (Jones, C. String quartet 1944)",src/files/NYPLFlourishBibsSimpkins2022January-3.mrc
12622867,"*MX-Amer. (Jones, C. Sonatina)",src/files/NYPLFlourishBibsSimpkins2022January-3.mrc
32082382,"*MX-Amer. (Jones, R. Sonatina for 'cello quartet)",src/files/NYPLFlourishBibsSimpkins2022January-3.mrc
13900672,*MX-Amer. (Josten. Canzona seria),src/files/NYPLFlourishBibsSimpkins2022January-3.mrc
16452691,*MX-Amer. (Josten. Trio),src/files/NYPLFlourishBibsSimpkins2022January-3.mrc
20049997,*MX-Amer. (Kabalin. Divertimento),src/files/NYPLFlourishBibsSimpkins2022January-3.mrc
2208391,*MX-Amer. (Kaderavek. Introduction and allegro),src/files/NYPLFlourishBibsSimpkins2022January-3.mrc
33192937,*MX-Amer. (Karel. Seascapes),src/files/NYPLFlourishBibsSimpkins2022January-3.mrc
80536233,*MX-Amer. (Karlins. Graphic mobile),src/files/NYPLFlourishBibsSimpkins2022January-3.mrc
1854946,*MX-Amer. (Kay. Brass quartet),src/files/NYPLFlourishBibsSimpkins2022January-3.mrc
1253039,*MX-Amer. (Kay. Serenade no. 2),src/files/NYPLFlourishBibsSimpkins2022January-3.mrc
5626943,*MX-Amer. (Kazdin. Twelve days of Christmas),src/files/NYPLFlourishBibsSimpkins2022January-3.mrc
1293217563,*MX-Amer. (Keith. Character sketches),src/files/NYPLFlourishBibsSimpkins2022January-3.mrc
1296160,*MX-Amer. (Kelley. Quartett),src/files/NYPLFlourishBibsSimpkins2022January-3.mrc
2908292,*MX-Amer. (Kerr. String quartet),src/files/NYPLFlourishBibsSimpkins2022January-3.mrc
4840737,*MX-Amer. (Kerr. Trio),src/files/NYPLFlourishBibsSimpkins2022January-3.mrc
12179586,*MX-Amer. (Keyes. Concerto grosso),src/files/NYPLFlourishBibsSimpkins2022January-3.mrc
1293441149,*MX-Amer. (Keyes. Hardinsburg quartet),src/files/NYPLFlourishBibsSimpkins2022January-3.mrc
1292986181,*MX-Amer. (Illosovay. Five pieces),src/files/NYPLFlourishBibsSimpkins2022January-3.mrc
1292988444,*MX-Amer. (Illosovay. Structures II),src/files/NYPLFlourishBibsSimpkins2022January-3.mrc
310984,*MX-Amer. (Imbrie. Dandelion wine),src/files/NYPLFlourishBibsSimpkins2022January-3.mrc
3970030,*MX-Amer. (Imbrie. Second string quartet),src/files/NYPLFlourishBibsSimpkins2022January-3.mrc
1293008847,*MX-Amer. (Instrumental musician),src/files/NYPLFlourishBibsSimpkins2022January-3.mrc
1293012017,*MX-Amer. (Ives. Chamber music),src/files/NYPLFlourishBibsSimpkins2022January-3.mrc
67404648,*MX-Amer. (Ives. Chromâtimelôdtune),src/files/NYPLFlourishBibsSimpkins2022January-3.mrc
645330,*MX-Amer. (Ives. In re con moto et al),src/files/NYPLFlourishBibsSimpkins2022January-3.mrc
1867464,*MX-Amer. (Ives. Largo),src/files/NYPLFlourishBibsSimpkins2022January-3.mrc
940372536,*MX-Amer. (Ives. Hallowe'en),src/files/NYPLFlourishBibsSimpkins2022January-3.mrc
1013250739,*MX-Amer. (Ives. Pond),src/files/NYPLFlourishBibsSimpkins2022January-3.mrc
2084081,*MX-Amer. (Heussenstamm. Museum piece),src/files/NYPLFlourishBibsSimpkins2022January-3.mrc
18889370,*MX-Amer. (Heussenstamm. Music for three),src/files/NYPLFlourishBibsSimpkins2022January-3.mrc
2272969,*MX-Amer. (Heussenstamm. Seventeen impressions from the Japanese),src/files/NYPLFlourishBibsSimpkins2022January-3.mrc
1320573,*MX-Amer. (Heussenstamm. String quartet op. 15),src/files/NYPLFlourishBibsSimpkins2022January-3.mrc
2082521,*MX-Amer. (Heussenstamm. Tre celli),src/files/NYPLFlourishBibsSimpkins2022January-3.mrc
1213842,*MX-Amer. (Heussenstamm. Tubafour),src/files/NYPLFlourishBibsSimpkins2022January-3.mrc
26692595,*MX-Amer. (Hibbard. Variations for brass nonet),src/files/NYPLFlourishBibsSimpkins2022January-3.mrc
42672004,*MX-Amer. (Hijmamn. Concerto da camera),src/files/NYPLFlourishBibsSimpkins2022January-3.mrc
1292939484,*MX-Amer. (Hijman. Trio for clarinet),src/files/NYPLFlourishBibsSimpkins2022January-3.mrc
1293027042,*MX-Amer. (Ives. Quartett),src/files/NYPLFlourishBibsSimpkins2022January-3.mrc
18640934,*MX-Amer. (Hunt. Sur (Doctor) John Dee),src/files/NYPLFlourishBibsSimpkins2022January-3.mrc
16451521,*MX-Amer. (Huss. Quartet),src/files/NYPLFlourishBibsSimpkins2022January-3.mrc
1902903,"*MX-Amer. (Hill, E. Sextet)",src/files/NYPLFlourishBibsSimpkins2022January-3.mrc
498456024,*MX-Amer. (Hirsch. Nocturne),src/files/NYPLFlourishBibsSimpkins2022January-3.mrc
1292945926,*MX-Amer. (Hirsh. Turtle dove),src/files/NYPLFlourishBibsSimpkins2022January-3.mrc
2527613,*MX-Amer. (Hodkinson. Armistice),src/files/NYPLFlourishBibsSimpkins2022January-3.mrc
1292981478,*MX-Amer. (Hodkinson. Mosaic),src/files/NYPLFlourishBibsSimpkins2022January-3.mrc
19591642,*MX-Amer. (Hodkinson. Stanzas),src/files/NYPLFlourishBibsSimpkins2022January-3.mrc
2145126,*MX-Amer. (Hogg. Invention),src/files/NYPLFlourishBibsSimpkins2022January-3.mrc
19077976,*MX-Amer. (Hogg. Three short pieces),src/files/NYPLFlourishBibsSimpkins2022January-3.mrc
3383740,*MX-Amer. (Holden. Music for piano and strings),src/files/NYPLFlourishBibsSimpkins2022January-3.mrc
30146845,*MX-Amer. (Homer. Quartet),src/files/NYPLFlourishBibsSimpkins2022January-3.mrc
61853337,*MX-Amer. (Homer. Trio),src/files/NYPLFlourishBibsSimpkins2022January-3.mrc
9486007,*MX-Amer. (Hovhaness. Anahid),src/files/NYPLFlourishBibsSimpkins2022January-3.mrc
2294647,*MX-Amer. (Hovhaness. Six dances),src/files/NYPLFlourishBibsSimpkins2022January-3.mrc
7497780,*MX-Amer. (Hovhaness. Divertimento),src/files/NYPLFlourishBibsSimpkins2022January-3.mrc
1292981307,*MX-Amer. (Hovhaness. Janabar. 1951),src/files/NYPLFlourishBibsSimpkins2022January-3.mrc
1870675,*MX-Amer. (Hovhaness. Janabar. 1966),src/files/NYPLFlourishBibsSimpkins2022January-3.mrc
12886651,*MX-Amer. (Hovhaness. Mountains and rivers without end (score)),src/files/NYPLFlourishBibsSimpkins2022January-3.mrc
19276875,*MX-Amer. (Hovhaness. Mountains and rivers without end (parts)),src/files/NYPLFlourishBibsSimpkins2022January-3.mrc
285210,*MX-Amer. (Hovhaness. October mountain),src/files/NYPLFlourishBibsSimpkins2022January-3.mrc
262946,*MX-Amer. (Hovhaness. Wind quintet),src/files/NYPLFlourishBibsSimpkins2022January-3.mrc
575214,*MX-Amer. (Hovhaness. Sextet),src/files/NYPLFlourishBibsSimpkins2022January-3.mrc
1834966,*MX-Amer. (Hovhaness. Sonata for two oboes and organ),src/files/NYPLFlourishBibsSimpkins2022January-3.mrc
2942324,*MX-Amer. (Hovhaness. Spirit of ink),src/files/NYPLFlourishBibsSimpkins2022January-3.mrc
2571836,*MX-Amer. (Hovhaness. Suite),src/files/NYPLFlourishBibsSimpkins2022January-3.mrc
2142353,*MX-Amer. (Hovhaness. Upon enchanted ground),src/files/NYPLFlourishBibsSimpkins2022January-3.mrc
5205445,*MX-Amer. (Helm. Woodwind quintet. 1969),src/files/NYPLFlourishBibsSimpkins2022January-3.mrc
890492304,*MX-Amer. (Ives. String quartet no. 1),src/files/NYPLFlourishBibsSimpkins2022January-3.mrc
829206085,*MX-Amer. (Ives. String quartet no. 2),src/files/NYPLFlourishBibsSimpkins2022January-3.mrc
12899892,*MX-Amer. (Ives. Rainbow),src/files/NYPLFlourishBibsSimpkins2022January-3.mrc
1293441211,*MX-Amer. (King. Seven conversation pieces),src/files/NYPLFlourishBibsSimpkins2022January-3.mrc
20667099,*MX-Amer. (Kingman. Quintet for winds),src/files/NYPLFlourishBibsSimpkins2022January-3.mrc
12677509,*MX-Amer. (Kirchner. String quartet 1949),src/files/NYPLFlourishBibsSimpkins2022January-3.mrc
35176459,*MX-Amer. (Kirchner. String quartet no. 2),src/files/NYPLFlourishBibsSimpkins2022January-3.mrc
1437184,"*MX-Amer. (Kirchner. Trio for violin, cello, and piano)",src/files/NYPLFlourishBibsSimpkins2022January-3.mrc
1948449,*MX-Amer. (Klein. Sonata),src/files/NYPLFlourishBibsSimpkins2022January-3.mrc
975823,*MX-Amer. (Kleinsinger. Design),src/files/NYPLFlourishBibsSimpkins2022January-4.mrc
17613300,*MX-Amer. (Knight. Trio for strings),src/files/NYPLFlourishBibsSimpkins2022January-4.mrc
17283670,"*MX-Amer. (Knight. Trio for violin, cello and piano)",src/files/NYPLFlourishBibsSimpkins2022January-4.mrc
18541591,*MX-Amer. (Knight. Winter woods),src/files/NYPLFlourishBibsSimpkins2022January-4.mrc
1293441521,"*MX-Amer. (Koehler. String quartet, op. 7)",src/files/NYPLFlourishBibsSimpkins2022January-4.mrc
29294734,*MX-Amer. (Kopp. Passacaglia in the olden style),src/files/NYPLFlourishBibsSimpkins2022January-4.mrc
1293457778,*MX-Amer. (Kopp. Three movements for woodwind quintet),src/files/NYPLFlourishBibsSimpkins2022January-4.mrc
4221543,*MX-Amer. (Korte. Introductions),src/files/NYPLFlourishBibsSimpkins2022January-4.mrc
1293473576,*MX-Amer. (Korte. Quintet),src/files/NYPLFlourishBibsSimpkins2022January-4.mrc
17892114,*MX-Amer. (Koutzen. Music),src/files/NYPLFlourishBibsSimpkins2022January-4.mrc
3383715,*MX-Amer. (Koutzen. String quartet no. 2),src/files/NYPLFlourishBibsSimpkins2022January-4.mrc
1420533,*MX-Amer. (Kraft. Partita no. 3),src/files/NYPLFlourishBibsSimpkins2022January-4.mrc
2391308,*MX-Amer. (Kraft. Suite for percussion),src/files/NYPLFlourishBibsSimpkins2022January-4.mrc
26582269,*MX-Amer. (Kramer. Interlude for a drama),src/files/NYPLFlourishBibsSimpkins2022January-4.mrc
18339982,*MX-Amer. (Kriens. Quartet),src/files/NYPLFlourishBibsSimpkins2022January-4.mrc
14979063,*MX-Amer. (Kroeger. Canzona II),src/files/NYPLFlourishBibsSimpkins2022January-4.mrc
1290211,*MX-Amer. (Kroeger. Canzona III),src/files/NYPLFlourishBibsSimpkins2022January-4.mrc
1293657865,*MX-Amer. (Kroeger. Partita for brass quintet),src/files/NYPLFlourishBibsSimpkins2022January-4.mrc
1293657674,*MX-Amer. (Kroeger. String quartet 1960),src/files/NYPLFlourishBibsSimpkins2022January-4.mrc
1293657801,"*MX-Amer. (Kroeger. Serenade, for string quartet)",src/files/NYPLFlourishBibsSimpkins2022January-4.mrc
1293657867,*MX-Amer. (Kroeger. Sonata breve),src/files/NYPLFlourishBibsSimpkins2022January-4.mrc
17861652,*MX-Amer. (Kroeger. Triolet),src/files/NYPLFlourishBibsSimpkins2022January-4.mrc
5725132,*MX-Amer. (Kroll. Four bagatelles),src/files/NYPLFlourishBibsSimpkins2022January-4.mrc
8677223,*MX-Amer. (Kroll. Four characteristic pieces),src/files/NYPLFlourishBibsSimpkins2022January-4.mrc
1293657871,*MX-Amer. (Krul. String quartet),src/files/NYPLFlourishBibsSimpkins2022January-4.mrc
6540577,*MX-Amer. (Kubik. Divertimento I),src/files/NYPLFlourishBibsSimpkins2022January-4.mrc
21452413,*MX-Amer. (Kubik. Divertimento II),src/files/NYPLFlourishBibsSimpkins2022January-4.mrc
19237587,*MX-Amer. (Kubik. Little suite),src/files/NYPLFlourishBibsSimpkins2022January-4.mrc
16454618,*MX-Amer. (Kubik. Suite for three recorders),src/files/NYPLFlourishBibsSimpkins2022January-4.mrc
17708434,*MX-Amer. (Kupferman. Concertino for 11 brass instruments),src/files/NYPLFlourishBibsSimpkins2022January-4.mrc
2459888,*MX-Amer. (Kupferman. Infinities thirteen),src/files/NYPLFlourishBibsSimpkins2022January-4.mrc
16450958,*MX-Amer. (Kurka. Moravian folk songs),src/files/NYPLFlourishBibsSimpkins2022January-4.mrc
1293666203,*MX-Amer. (Kurka. Trio),src/files/NYPLFlourishBibsSimpkins2022January-4.mrc
1293668083,"*MX-Amer. (Kurtz, A. Andante)",src/files/NYPLFlourishBibsSimpkins2022January-4.mrc
1108887968,*MX-Amer. (Kurtz. Diversions),src/files/NYPLFlourishBibsSimpkins2022January-4.mrc
2085147,*MX-Amer. (Laderman. Nonette),src/files/NYPLFlourishBibsSimpkins2022January-4.mrc
976326,*MX-Amer. (Laderman. String quartet no. 1),src/files/NYPLFlourishBibsSimpkins2022January-4.mrc
3591877,*MX-Amer. (Laderman. String quartet no. 2),src/files/NYPLFlourishBibsSimpkins2022January-4.mrc
951857,*MX-Amer. (Laderman. String quartet no. 3),src/files/NYPLFlourishBibsSimpkins2022January-4.mrc
3157046,*MX-Amer. (Laderman. Stanzas),src/files/NYPLFlourishBibsSimpkins2022January-4.mrc
12179634,*MX-Amer. (Lamb. Scherzo and chaconne),src/files/NYPLFlourishBibsSimpkins2022January-4.mrc
16859110,*MX-Amer. (La Montaine. Quartet for woodwinds),src/files/NYPLFlourishBibsSimpkins2022January-4.mrc
20709795,*MX-Amer. (La Montaine. Summer's day),src/files/NYPLFlourishBibsSimpkins2022January-4.mrc
1293734006,"*MX-Amer. (Landon. String quartet, 1968)",src/files/NYPLFlourishBibsSimpkins2022January-4.mrc
427123293,*MX-Amer. (Laske. How time passes),src/files/NYPLFlourishBibsSimpkins2022January-4.mrc
13827944,*MX-Amer. (Lateef. Trio #1),src/files/NYPLFlourishBibsSimpkins2022January-4.mrc
